1454957500143263746 2021-10-31 19:44:34 -0500 <blakemurphy7> Also was the noise of the Packers fans in that stadium I would imagine as part of it but canâ€™t deny a #great play by Rasul.  If he drops that or is a second late, AZ still probably ends up potentially scoring and winning or at least OT.
1454949552096694272 2021-10-31 19:12:59 -0500 <Mr_good_troll> ×œ× ×™×•×“×¢ ×× ××™ ×¤×¢× ×‘×›×™×ª×™ ×©× ×’××¨×” ×¡×“×¨×” ×©×× ×™ ×¨×•××”. 43 ×¤×¨×§×™× ×©×œ 20 ×“×§×•×ª ×’××•× ×™×•×ª. ×¤×¨×§ ××—×¨×™ ×¤×¨×§. ×¦×—×•×§, ×’××•×•×”, ×ª×•×‘× ×•×ª, ×˜×™×¨×œ×•×œ, ×¤×©×•×˜ ×ª×›× ×™×ª ×›×œ ×›×š ×˜×•×‘×” ×©×× ×™ ×‘×•×›×” ×©×œ× ×™×”×™×• ×¢×•×“ ×¤×¨×§×™× ğŸ˜­ğŸ˜­ğŸ˜­ #great #teacher #onizuka  @Ohara_the_Fox thank you so much for the recommendation! 12 hours of joy #gto
1454949523378352133 2021-10-31 19:12:52 -0500 <Taragill61Tara> #great defense Patâ€™s. I hate the soft defense!!! NEvsLAC
1454939130169749506 2021-10-31 18:31:34 -0500 <BruceRogers4> #SobraliaSunday brings #sobralia #orchid #flowers from #SanFrancisco #greenhouse #great #plants can #grow as #houseplants or in the #garden  https://t.co/qgiOJXsLda
1454937451970146305 2021-10-31 18:24:54 -0500 <2nd_mike> #Great drive shows more more why #4 is a top-five back up in this league,I want him on my team as my back up
1454935122562715649 2021-10-31 18:15:39 -0500 <issakingking> @ChuckyIsReal #usa #syfy #good #great #scary #Hallowstream  https://t.co/0b1OQMh83Z
1454933980881559554 2021-10-31 18:11:07 -0500 <DannySzlanina20> I am not lonely anymore.  Contact with house spiders is back.  Acer I have just spoken.  As well the worldwide spiderweb I have connection with.  #Great #Company
1454933588051472384 2021-10-31 18:09:33 -0500 <drDreidel_> So my #comics r #Coming out #Great lol #Art #Artist
1454932390284046339 2021-10-31 18:04:47 -0500 <AnyPollApp> Biden says pope provided family with 'great solace' after son's death...  https://t.co/c31y2kSG7D #biden #says #pope #provided #family #with #great #solace #after #son #death
1454931818625503238 2021-10-31 18:02:31 -0500 <DenyerDesigns>  https://t.co/2l7qJxe9Am  #great #Giftideas #ownajp #jpdenyer #jpdenyerartist #paintings #oceans #seascapes #flowers #originalArt #pourpaintings #artistsofinstagram #teacher #grateful
1454931624588500999 2021-10-31 18:01:45 -0500 <24hoursinsydney> #yougottalovesydney, #Australian, #Monument, #Great, #Irish, #Famine, #Great, #Hunger, #Hyde, #Park #Barracks, #emigrate, #Irishorphans, #girls, #community, #loy, #Depot, #survivors, #convicts, #starvation #weknowsydney, #emeraldcity, #24hoursinsydney, #greatestcityintheworld
1454931603042574336 2021-10-31 18:01:40 -0500 <geirrchris> #GREAT! Simply #GREAT!
1454929470033383425 2021-10-31 17:53:11 -0500 <TheMrFord1> @TitanAnderson1 No one was bringing Gods into it .. #lmao and it was a joke #TitanUp bc he did #great you have to judge him after the game is over so you get the full body of work â€¦.you went in a little too early that was a joke and that was what I was sayin. #takeajoke
1454922525348085768 2021-10-31 17:25:35 -0500 <WHidayettutar> Bir pisi gÃ¶rdÃ¼m sanki aa evet pisi pisi.#hidayettutarÂ  #photography #great #huzur #carpediem #fekegediklikÃ¶yÃ¼ #photo #herÅŸeyeraÄŸmen #umut  https://t.co/k7CJQqBQ8E
1454918400833110019 2021-10-31 17:09:12 -0500 <GreatResidents> So as October ends our floral baskets and banners have been removed from Leeds Road roundabout. What did you think of the floral baskets this year? It would be good to hear your views so we can provide an evaluation to Wakefield Council. #GREAT #CastlefordInBloom  https://t.co/h4hVkb6bzH
1454916859162021894 2021-10-31 17:03:04 -0500 <YashChandrava18> A very smartSmiling face with sunglasses #project brings us excitement to always follow. I believe This #project will work and succeed because this  is with a #great team that always provide #Creative  Thanksâ¤Folded hands @Airdroper62692   @Abdulla31280434   @anjas76271818
1454912474080292872 2021-10-31 16:45:39 -0500 <placintaion112> @Mononoke_Inu #great news, try to put on vote wich exchanges the  comunity will vote.
1454909520459833348 2021-10-31 16:33:55 -0500 <LPolitically> @AndrewLondre @BernieSanders @RashidaTlaib @RepJayapal @MarkPocan @AOC @CoriBush @IlhanMN @USProgressives @Leahgreenb @rafaelshimunov @ryangrim @POTUS @VP @JoeBiden @KamalaHarris Thatâ€™s #greatâ€¦.very #creepy  but great
1454908097617666050 2021-10-31 16:28:16 -0500 <thesurprisedguy> @theAngieTaylor Even #thesurprisedguy surprised! #great #realworld #abovenft  https://t.co/BhIaO7hgkW
1454957500143263746 2021-10-31 19:44:34 -0500 <blakemurphy7> Also was the noise of the Packers fans in that stadium I would imagine as part of it but canâ€™t deny a #great play by Rasul.  If he drops that or is a second late, AZ still probably ends up potentially scoring and winning or at least OT.
1454949552096694272 2021-10-31 19:12:59 -0500 <Mr_good_troll> ×œ× ×™×•×“×¢ ×× ××™ ×¤×¢× ×‘×›×™×ª×™ ×©× ×’××¨×” ×¡×“×¨×” ×©×× ×™ ×¨×•××”. 43 ×¤×¨×§×™× ×©×œ 20 ×“×§×•×ª ×’××•× ×™×•×ª. ×¤×¨×§ ××—×¨×™ ×¤×¨×§. ×¦×—×•×§, ×’××•×•×”, ×ª×•×‘× ×•×ª, ×˜×™×¨×œ×•×œ, ×¤×©×•×˜ ×ª×›× ×™×ª ×›×œ ×›×š ×˜×•×‘×” ×©×× ×™ ×‘×•×›×” ×©×œ× ×™×”×™×• ×¢×•×“ ×¤×¨×§×™× ğŸ˜­ğŸ˜­ğŸ˜­ #great #teacher #onizuka  @Ohara_the_Fox thank you so much for the recommendation! 12 hours of joy #gto
1454949523378352133 2021-10-31 19:12:52 -0500 <Taragill61Tara> #great defense Patâ€™s. I hate the soft defense!!! NEvsLAC
1454939130169749506 2021-10-31 18:31:34 -0500 <BruceRogers4> #SobraliaSunday brings #sobralia #orchid #flowers from #SanFrancisco #greenhouse #great #plants can #grow as #houseplants or in the #garden  https://t.co/qgiOJXsLda
1454937451970146305 2021-10-31 18:24:54 -0500 <2nd_mike> #Great drive shows more more why #4 is a top-five back up in this league,I want him on my team as my back up
1454935122562715649 2021-10-31 18:15:39 -0500 <issakingking> @ChuckyIsReal #usa #syfy #good #great #scary #Hallowstream  https://t.co/0b1OQMh83Z
1454933980881559554 2021-10-31 18:11:07 -0500 <DannySzlanina20> I am not lonely anymore.  Contact with house spiders is back.  Acer I have just spoken.  As well the worldwide spiderweb I have connection with.  #Great #Company
1454933588051472384 2021-10-31 18:09:33 -0500 <drDreidel_> So my #comics r #Coming out #Great lol #Art #Artist
1454932390284046339 2021-10-31 18:04:47 -0500 <AnyPollApp> Biden says pope provided family with 'great solace' after son's death...  https://t.co/c31y2kSG7D #biden #says #pope #provided #family #with #great #solace #after #son #death
1454931818625503238 2021-10-31 18:02:31 -0500 <DenyerDesigns>  https://t.co/2l7qJxe9Am  #great #Giftideas #ownajp #jpdenyer #jpdenyerartist #paintings #oceans #seascapes #flowers #originalArt #pourpaintings #artistsofinstagram #teacher #grateful
1454931624588500999 2021-10-31 18:01:45 -0500 <24hoursinsydney> #yougottalovesydney, #Australian, #Monument, #Great, #Irish, #Famine, #Great, #Hunger, #Hyde, #Park #Barracks, #emigrate, #Irishorphans, #girls, #community, #loy, #Depot, #survivors, #convicts, #starvation #weknowsydney, #emeraldcity, #24hoursinsydney, #greatestcityintheworld
1454931603042574336 2021-10-31 18:01:40 -0500 <geirrchris> #GREAT! Simply #GREAT!
1454929470033383425 2021-10-31 17:53:11 -0500 <TheMrFord1> @TitanAnderson1 No one was bringing Gods into it .. #lmao and it was a joke #TitanUp bc he did #great you have to judge him after the game is over so you get the full body of work â€¦.you went in a little too early that was a joke and that was what I was sayin. #takeajoke
1454922525348085768 2021-10-31 17:25:35 -0500 <WHidayettutar> Bir pisi gÃ¶rdÃ¼m sanki aa evet pisi pisi.#hidayettutarÂ  #photography #great #huzur #carpediem #fekegediklikÃ¶yÃ¼ #photo #herÅŸeyeraÄŸmen #umut  https://t.co/k7CJQqBQ8E
1454918400833110019 2021-10-31 17:09:12 -0500 <GreatResidents> So as October ends our floral baskets and banners have been removed from Leeds Road roundabout. What did you think of the floral baskets this year? It would be good to hear your views so we can provide an evaluation to Wakefield Council. #GREAT #CastlefordInBloom  https://t.co/h4hVkb6bzH
1454916859162021894 2021-10-31 17:03:04 -0500 <YashChandrava18> A very smartSmiling face with sunglasses #project brings us excitement to always follow. I believe This #project will work and succeed because this  is with a #great team that always provide #Creative  Thanksâ¤Folded hands @Airdroper62692   @Abdulla31280434   @anjas76271818
1454912474080292872 2021-10-31 16:45:39 -0500 <placintaion112> @Mononoke_Inu #great news, try to put on vote wich exchanges the  comunity will vote.
1454909520459833348 2021-10-31 16:33:55 -0500 <LPolitically> @AndrewLondre @BernieSanders @RashidaTlaib @RepJayapal @MarkPocan @AOC @CoriBush @IlhanMN @USProgressives @Leahgreenb @rafaelshimunov @ryangrim @POTUS @VP @JoeBiden @KamalaHarris Thatâ€™s #greatâ€¦.very #creepy  but great
1454908097617666050 2021-10-31 16:28:16 -0500 <thesurprisedguy> @theAngieTaylor Even #thesurprisedguy surprised! #great #realworld #abovenft  https://t.co/BhIaO7hgkW
1454900461258039301 2021-10-31 15:57:55 -0500 <PennieL37183908> I am so depressed like I have done nothing this whole Halloween and to top it some of my old friends hung out with my ex boyfriend so lifeâ€™s #great
1454898000866709505 2021-10-31 15:48:08 -0500 <suzchongmd> What is #emergencyradiology? Why do we love it? How can it help with #WorkLifeBalance? Why choose it for a #Career? Looking forward to this #tweetchat with lots of #great #emrads! ğŸš‘
1454897383083429889 2021-10-31 15:45:41 -0500 <MatSpell> Bought 2 modern horizons 2 packs for $11 each pulled these!  #edh #magic #commander #happy #omg #excited #great #MagicTheGathering  https://t.co/DEsmQ8gkDY
1454893550873858048 2021-10-31 15:30:27 -0500 <mikebarthbirdin> #Great #Cormorant (Phalacrocorax carbo), Musselburgh, #Scotland Oct 2021.   This is a very common and widespread #bird species. It feeds on the sea, in estuaries, and on freshwater lakes and rivers. #birdphotography #birds #birdwatching #wildlifephotography #NaturePhotography  https://t.co/Rk7Lq3XkbS
1454885219882962945 2021-10-31 14:57:21 -0500 <emmreport> @chloecherrypie @perfect_angelgirl at last nights heaven and hell party #chloe #cherry #heaven and hell #halloween #fun #great  https://t.co/e8aANB59DP
1454885219702644741 2021-10-31 14:57:21 -0500 <_tyjc> Anyways ima be out training all day and didn't bring nothing, no water, no food left my AirPods and all #great
1454885117428748289 2021-10-31 14:56:57 -0500 <Dinesh12049588> #great roadmap of this project and I am full supporting this project  @Priyabr57283761  @pakhariya_ravi  @AlexxJave
1454884613948596236 2021-10-31 14:54:57 -0500 <diane_maxfield> A #great #whiteshark doing what it does best and the #ignorant @TheSun doing what it does best - spreading #misinformation! ğŸ¦ˆğŸ˜ 
1454882706752430084 2021-10-31 14:47:22 -0500 <ImKaySoloBtc2> My crop top was too short but too big all in one titties just out all night #great ğŸ™ƒ
1454881722349199368 2021-10-31 14:43:27 -0500 <deepika71687142> @WAX_io bxigw.wam A very smartğŸ˜ #project brings us excitement to always follow. I believe This #project will work and succeed because this  is with a #great team that always provide #Creative  Thanksâ¤ğŸ™ @Airdroper62692 @Abdulla31280434 @anjas76271818
1454872799298797571 2021-10-31 14:08:00 -0500 <NikseamC> Business Solutions  by #Nikseam  #MachineLearning #DataScience #programming #DataScientists  #BigData #AI #Python #DataScience #ML #NLP #javascript #TensorFlow #Coding #Great #Serverless #100DaysOfCode #Dataviz #DEVCommunity  #SQL #RStats #CodeNewbie #Linux
1454869782390460421 2021-10-31 13:56:00 -0500 <KARTIKEYNARAYA3> #Manyavar à¤µà¤¾à¤²à¥‡ à¤•à¥‹à¤¹à¤²à¥€ à¤†à¤ªà¤•à¥‡ à¤²à¤¿à¤ #Great Learning à¤¯à¤¹ à¤¹à¥ˆ à¤•à¥€ #UBER à¤‡à¤‚à¤¡à¤¿à¤¯à¤¾ à¤®à¥‡à¤‚ #MRF à¤Ÿà¤¾à¤¯à¤° à¤²à¤—à¤¾ à¤•à¥‡ à¤¦à¤¿à¤®à¤¾à¤— à¤•à¥€ #Philips à¤•à¥€ à¤¬à¤¤à¥à¤¤à¥€ à¤œà¤²à¤¾ à¤•à¤° #PUMA à¤•à¥‡ à¤œà¥‚à¤¤à¥‡ à¤ªà¤¹à¤¨à¤•à¤° #Volini à¤²à¤—à¤¾ à¤•à¤° #BOOST à¤¹à¥‹ à¤•à¤° #MYTRA, #Himalaya à¤•à¥€ à¤¯à¤¾à¤¤à¥à¤°à¤¾ à¤®à¥‡à¤‚ à¤¨à¤¿à¤•à¤² à¤²à¥‹  #Kohli
1454869206462177290 2021-10-31 13:53:43 -0500 <KARTIKEYNARAYA3> #Manyavar à¤µà¤¾à¤²à¥‡ à¤•à¥‹à¤¹à¤²à¥€ à¤†à¤ªà¤•à¥‡ à¤²à¤¿à¤ #Great Learning à¤¯à¤¹ à¤¹à¥ˆ à¤•à¥€ #UBER à¤‡à¤‚à¤¡à¤¿à¤¯à¤¾ à¤®à¥‡à¤‚ #MRF à¤Ÿà¤¾à¤¯à¤° à¤²à¤—à¤¾ à¤•à¥‡ à¤¦à¤¿à¤®à¤¾à¤— à¤•à¥€ #Philips à¤•à¥€ à¤¬à¤¤à¥à¤¤à¥€ à¤œà¤²à¤¾ à¤•à¤° #PUMA à¤•à¥‡ à¤œà¥‚à¤¤à¥‡ à¤ªà¤¹à¤¨à¤•à¤° #Volini à¤²à¤—à¤¾ à¤•à¤° #BOOST à¤¹à¥‹ à¤•à¤° #MYTRA, #Himalaya à¤•à¥€ à¤¯à¤¾à¤¤à¥à¤°à¤¾ à¤®à¥‡à¤‚ à¤¨à¤¿à¤•à¤² à¤²à¥‹.  #Kohli
1454868581913612299 2021-10-31 13:51:14 -0500 <MWaheed60924722> @Asad_Umar #Great
1454868403265671169 2021-10-31 13:50:32 -0500 <fahim_venus> #QURAN   Your #wealth and your #children are but a #trial , and #Allah has with Him a #great #reward .  64:15  #Allah #Islam #Muslim
1454868325649895424 2021-10-31 13:50:13 -0500 <KARTIKEYNARAYA3> #Manyavar à¤µà¤¾à¤²à¥‡ à¤•à¥‹à¤¹à¤²à¥€ à¤†à¤ªà¤•à¥‡ à¤²à¤¿à¤ #Great Learning à¤¯à¤¹ à¤¹à¥ˆ à¤•à¥€ à¤‰à¤¬à¤° à¤‡à¤‚à¤¡à¤¿à¤¯à¤¾ à¤®à¥‡à¤‚ #MRF à¤Ÿà¤¾à¤¯à¤° à¤²à¤—à¤¾ à¤•à¥‡ à¤¦à¤¿à¤®à¤¾à¤— à¤•à¥€ #Philips à¤•à¥€ à¤¬à¤¤à¥à¤¤à¥€ à¤œà¤²à¤¾ à¤•à¤° #PUMA à¤•à¥‡ à¤œà¥‚à¤¤à¥‡ à¤ªà¤¹à¤¨à¤•à¤° #Volini à¤²à¤—à¤¾ à¤•à¤° #BOOST à¤¹à¥‹ à¤•à¤° #MYTRA, #Himalaya à¤•à¥€ à¤¯à¤¾à¤¤à¥à¤°à¤¾ à¤®à¥‡à¤‚ à¤¨à¤¿à¤•à¤² à¤²à¥‹  #ICCT20WorldCup2021   #kholi
1454868145601236995 2021-10-31 13:49:30 -0500 <____nevv> @vikiival @yangWao @KodaDot #great achievements there on @KodaDot side
1454866939881263107 2021-10-31 13:44:43 -0500 <VISHWAMOHANMI12> Tell me  which skill sets are required to become a great Affiliate Marketer?#affiliate #DigitalMarketing #business #AffiliateMarketing #Entrepreneurship #great #marketing #business #edtech #businessowner #Skill #SETUP #Becoming #OwnYourStyle
1454866512859344899 2021-10-31 13:43:01 -0500 <lightmemusic> Still Great!    https://t.co/naMzjjR7Bs  @kanyewest   #kanye #great #music #sayyouwill
1454866300635844611 2021-10-31 13:42:10 -0500 <natmaximofff> @toptiersuzie thats #great ğŸ¤ 
1454863236822671364 2021-10-31 13:30:00 -0500 <KailasaLondon> Do you know what Love is?   "Understand, all #great #truths comes out ferociously, because, they do not wait to #cheat you." HDH Bhagwan Sri Nithyananda Paramashivam   Click here to understand more:   https://t.co/uYLNKoOGeO  https://t.co/T77ctapKyS
1454858333165338628 2021-10-31 13:10:31 -0500 <betikaKe> @ItsReed34 Confirm if you had shared your account with someone and maybe you locked them out. Also, in such case of code rest, avoid sharing it online as someone who was trying to rest could have easy access and make changes they wished it.   #Great night. ^A.K
1454855135969021956 2021-10-31 12:57:48 -0500 <shyampf> @SeedifyFund #great
1454854437843968002 2021-10-31 12:55:02 -0500 <CoachRod_Rogers> Just the simple difference is the #HoopFacts between #Average Hoopers Vs #Great hoopers is there #MindSet ğŸ€ğŸ€ğŸ€ğŸ€ğŸ€ğŸ€ğŸ€ğŸ€ğŸ€ğŸ’¯ğŸ’¯ğŸ’¯ğŸ’¯ğŸš©ğŸš©ğŸš©ğŸš©ğŸš©ğŸš©  https://t.co/DGs75X3GC2
1454850764933931015 2021-10-31 12:40:26 -0500 <Mohammadfahim68> There is no #god but #Allah , the #Great , the #Compassionate. There is no god but Allah, the #Lord of the #Mighty #Throne . There is no god but Allah, the Lord of the #heavens, the #earth and the #Honorable #Throne  #Islam #Muslim
1454850157279842307 2021-10-31 12:38:01 -0500 <Norfolkroyal> @kevbrown189 @speedomick @SalomonSports @Everton Even if so a bloody proud trophy to have and literally gained through blood sweat and tears #charity #great! #speedomick #sirmick
1454845090145439748 2021-10-31 12:17:53 -0500 <caromartinez_07> La vieja con antibiÃ³tico por 7 dias por hacerse un pedicure #great
1454843082159972359 2021-10-31 12:09:55 -0500 <faresmotal> #Great #Gua #IASTM #Massage #Mobilization #Scraping #Set #Sha #Shape #Soft #Stainless ...  https://t.co/VH7Ef2Tapa
1454840591053987840 2021-10-31 12:00:01 -0500 <WesleyJBaker> This 11-mile loop gives you a chance to admire amazing fall views boasting dazzling colors and superb historic buildings.  Click for more  https://t.co/t2WNq4eiHe  #Park #fall #Great #Tennessee #foliage #hike #mountain #Smoky  https://t.co/NjkODyHDt5
1454837484031025158 2021-10-31 11:47:40 -0500 <thasan_amir> #Canadian #PrimeMinister #JustinTrudeau at  #Hauge  #Netherlands #LeidenUniversity #OneDay Official Visit #University #Campus #student #question &amp; #Answer #session  #October29th2021 #October2021 #Great #Information âœ…  https://t.co/dxeCefoR6E
1454836210820599812 2021-10-31 11:42:36 -0500 <rgapmobilelive> #Congratulations on your 1st-of-many TDs at the #Collegiate level @JohnPaulR7! Also, #Great to see you on TV #MyMan! @CowboyFB @RPHS_Panthers @FBISDAthletics @HoustonChron @FtBendAthletics @FBHeraldSports
1454833377870168077 2021-10-31 11:31:21 -0500 <mahesh_chandna> @HPCL @Sh Nandi Yr Deep Rooted Commitment towards #Great Maharatna HP will always be Cherished by all   Nation is Reaping Benefit wrt LPG due to Yr Impressive Contribution in Putting Up Gas Plants  Simplicity &amp; Remarkable Courageous Acts were Yr Leadership Hallmarks God Bless U Chandna
1454831361982861312 2021-10-31 11:23:20 -0500 <GoalsPursuit> Great #Goals make #Great #People. People cannot hit what they do not aim for.
1454828255983378432 2021-10-31 11:11:00 -0500 <NikseamC> Business Solutions  by #Nikseam  #MachineLearning #DataScience #programming #DataScientists  #BigData #AI #Python #DataScience #ML #NLP #javascript #TensorFlow #Coding #Great #Serverless #100DaysOfCode #Dataviz #DEVCommunity  #SQL #RStats #CodeNewbie #Linux  https://t.co/RZVTFpZ9nI
1454826483034165260 2021-10-31 11:03:57 -0500 <Mini18773723> #Creative.  #Expert  #Great.
1454826319661834247 2021-10-31 11:03:18 -0500 <ADH_oh_look> @gabicbayly @luluburt14 @AIC101 So theyâ€™ve been saying Australia is the prototype but maybe they didnâ€™t mean for the #great-reset but instead the #great-reckoning.  ğŸ™
1454825744325042177 2021-10-31 11:01:01 -0500 <RetroBoominati> @rynej__ Anyone who gets blocked by Kevin Hart canâ€™t be #great
1454825388216041475 2021-10-31 10:59:36 -0500 <wanjirugachiee> Before the #Infinite #Wisdom no #creature is hidden, all are naked to the eyes of One to whom I render account Feed the â€˜poorâ€™ within you;clothe naked #ideas, give them form #believing, #trusting the #great #Fabricator within to #clothe it in form turning them into #material fact  https://t.co/XR878muZeF
1454825386399858694 2021-10-31 10:59:36 -0500 <ngocnguyenson4> #great project @Logicman7  @cedrickohlanta  @ckubrayontem  #CherrySwap #GameFi @OKEx  @OKExChain
1454823561827340296 2021-10-31 10:52:21 -0500 <Shannon18Denise> Check out Disney PRINCESS 24 Crayon Set, 4 Trolls Folders, Pencils, Crayon Sharpener &amp; ğŸ˜  https://t.co/c1RABIWTSc @eBay â¦@Disneyâ© #great-gift-xmas
