1459643600002764807 2021-11-13 22:05:27 +0000 <Drok676> Please Felicia get a 2,3 rd round finish #UFCVegas42
1459643590964133891 2021-11-13 22:05:25 +0000 <shannon_aman> @ufc @StevieStacks84 @khaosOXwilliams @ESPNPlus You seen he got up arguing lol #UFCVegas42
1459643586782367744 2021-11-13 22:05:24 +0000 <FubotvSports> #UFCVegas42 Live Stream Watch    https://t.co/yG94H1xJw8  HOLLOWAY v RODRIGUEZ ROTHWELL v DE LIMA SPENCER v LETSON BAEZA v WILLIAMS YADONG vs ARCE MOISES vs ALVAREZ CALVILLO v LEE WOODSON v ANGLIN CASEY v JOJUA DIAKIESE v ALVES &amp; more #UFC
1459643575298187265 2021-11-13 22:05:21 +0000 <NickLongstaffe> Go @FeeNom479!! #UFCVegas42
1459643571133247488 2021-11-13 22:05:20 +0000 <justbleedguy1> It's funny how woman's featherweight is like the equivalent of men's super heavyweight #UFCVegas42
1459643567895453701 2021-11-13 22:05:20 +0000 <ManuMMApicks> -3,12 units today. The last fight spoiled the day. On to the next. #UFCVegas42
1459643556994375682 2021-11-13 22:05:17 +0000 <Aidan_richlich> MONTREAL IN THE BUILDING LETS GO FELICIA #UFCVEGAS42
1459643542825881601 2021-11-13 22:05:14 +0000 <rushilization> IYKYK #UFCVegas42  ğŸ’€
1459643535217598469 2021-11-13 22:05:12 +0000 <NinerMMA> Felica Spencer can get it.   She got a butterface but man sheâ€™s THICK. #UFCVEGAS42
1459643522253049856 2021-11-13 22:05:09 +0000 <PosLuta> Cartel: Felicia Spencer (8-3-0) ğŸ†š Leah Letson (5-2-0) #UFCVegas42
1459643519220559881 2021-11-13 22:05:08 +0000 <1visionarymind> I think this fight gone be ugly  #UFCVegas42
1459643516477399041 2021-11-13 22:05:07 +0000 <mmamania> First fight for Letson since 2018 -- that 'featherweight' ultimate fighter season #UFCVegas42
1459643514799673347 2021-11-13 22:05:07 +0000 <selbyssambo> Watching some great pictures ni kha ni ti dzhahela swazi ğŸ¤£ğŸ¤£ğŸ¤£#UfCVegas42
1459643506046246916 2021-11-13 22:05:05 +0000 <RealBroBro> brawling against Chaos Williams is a no no #ufcvegas42
1459643479756181511 2021-11-13 22:04:59 +0000 <pikeymatt> Time for the Canadian girl to scrap #UFCVegas42
1459643471187296257 2021-11-13 22:04:57 +0000 <MauriceWeeks9> follow my YouTube and twitch @yungreice  #ufc #ufcvegas42 Felicia Spencer vs Leah Letson  https://t.co/auYx1KQgF5
1459643468138131457 2021-11-13 22:04:56 +0000 <GentleBro95> Felicia Spencer already looks tired and the fight hasn't even started yet #ufcvegas42
1459643463322857472 2021-11-13 22:04:55 +0000 <lwigi21> Ahora La Antepenultima Pelea De #UFCVegas42  ğŸ‡¨ğŸ‡¦Spencer vs ğŸ‡ºğŸ‡¸Letson Voy Con La De ğŸ‡¨ğŸ‡¦ ğŸ‘ŠğŸ¼ğŸ˜œğŸ¥³ğŸ‘ğŸ¼
1459643453676015618 2021-11-13 22:04:52 +0000 <Assalamualeikum> Tonightâ€™s #UFCVegas42 has been amazing! So many great knockouts that uncle @danawhite must give everybody POTN bonuses.
1459643449385304068 2021-11-13 22:04:51 +0000 <LiliLaPieZeb2> ceinture noire de JJB... on sait dÃ©jÃ  qui va gagner lÃ  #UFCVegas42
1459643433362984961 2021-11-13 22:04:48 +0000 <dsedonnie> Someone gave Spencer the wrong flag. #UFCVegas42
1459643431890812929 2021-11-13 22:04:47 +0000 <PhotoAmy33> Song Yadong (@SongYaDongMMA) #UFCVegas42 full post-fight interview   ğŸ¥  https://t.co/RkseeycuoI  https://t.co/xEXMV39I5x
1459643418720849927 2021-11-13 22:04:44 +0000 <BiffaB13> Straight in to it another banger coming up #UFCVegas42
1459643411758157827 2021-11-13 22:04:42 +0000 <_MMAGODDESS> Let's go @LeahNidasMMA  âœ¨She's Back!!âœ¨ #UFCVegas42
1459643400819335175 2021-11-13 22:04:40 +0000 <Kitchenerlesli9> Spencer R1 sub? #UFCVegas42
1459643389973082120 2021-11-13 22:04:37 +0000 <Cagesidepress> Two women's featherweight fights in a matter of weeks. Whodathunkit. #UFCVegas42
1459643389423587336 2021-11-13 22:04:37 +0000 <MarcelDM_> Battle of the soccer moms #UFCVegas42
1459643385766105098 2021-11-13 22:04:36 +0000 <JulianT63612836> @ufc #UFCvegas42
1459643375229960195 2021-11-13 22:04:34 +0000 <quickmmadotcom> @DieHardMMAPod Hoping to land this 4 fight parlay. Pretty safe with Khaos being the lone underdog. #UFCVegas42  https://t.co/VzLNDdYvAq
1459643373413748736 2021-11-13 22:04:33 +0000 <architectden> Felicia Spencer vs Leah Letson  ^WHO WINS?  UFCFight Night: #ufcvegas42 #ufc #Bellator271 #mmastreams #Brazil #Canada  WOMEN Featherweight #boxingstreams   watch #livestream tv:  https://t.co/22tcQn5k9O
1459643372717572098 2021-11-13 22:04:33 +0000 <FanSidedMMA> Song Yadong (@SongYaDongMMA) #UFCVegas42 full post-fight interview   ğŸ¥  https://t.co/Nl9tscXo4u  https://t.co/SHlum9RiXp
1459643370876321794 2021-11-13 22:04:33 +0000 <To_LamoYO> What a start from me too ğŸ˜‚ğŸ˜‚ @VerdictMMA #UFC #ufcvegas42  https://t.co/lo7QXuQOUX
1459643365046190082 2021-11-13 22:04:31 +0000 <FightOdds> #UFCFightNight Closing Betting Odds via @CircaSports   Leah Letson +275 Felicia Spencer -330  #UFCVegas42 | @ESPNPlus | #espnplus | @UFC ğŸ’°
1459643342770298882 2021-11-13 22:04:26 +0000 <DDurniat> It's 10-8 for Spencer already because of Fat Bottomed Girls at walkout. ğŸ¤© #UFCVegas42
1459643328639680518 2021-11-13 22:04:23 +0000 <notsamir> Elle est grasse comme une huitre Spencerâ€¦ ca promet #ufcvegas42
1459643312869195779 2021-11-13 22:04:19 +0000 <ArcherMMA> Unfortunately Felicia Spencer x Leah Letson might go the distance. Spencer is too durable to get finished &amp; I'm not too positive about Letson getting a W #UFCVegas42
1459643307055845378 2021-11-13 22:04:17 +0000 <MMAFayce> Second Title Defense for Felicia Spencer. #UFCVegas42  https://t.co/NaSCaqHa4E
1459643298671378439 2021-11-13 22:04:15 +0000 <ClubDeLasMMA> Tremenda cartelera hasta acÃ¡, 8 peleas y 7 finalizaciones ğŸ”¥ğŸ‘ŠğŸ”¥  #UFCVegas42
1459643295181721602 2021-11-13 22:04:15 +0000 <LowKick_MMA> Williams prevents the judge's involvement via a third round knockout over Baeza. #ufcvegas42  https://t.co/ofG1bwIY1B
1459643294703669256 2021-11-13 22:04:14 +0000 <WrestlingDaze> No Copyright Content  ğŸ”´ LIVE  https://t.co/gomIAPmivN  #UFCVegas42 Live Stream Watch Along HOLLOWAY v RODRIGUEZ ROTHWELL v DE LIMA SPENCER v LETSON BAEZA v WILLIAMS YADONG vs ARCE MOISES vs ALVAREZ CALVILLO v LEE WOODSON v ANGLIN CASEY v JOJUA DIAKIESE v ALVES &amp; more #UFC
1459643285904195584 2021-11-13 22:04:12 +0000 <mmmturtle> ãƒ¬ãƒƒãƒˆã‚½ãƒ³ã€‚ä½“é‡ç®¡ç†ã§ä½“èª¿ã‚’å´©ã—ã¦ãŸã€‚800kcalä»¥ä¸‹ã§ä¸€æ—¥6å›ãƒˆãƒ¬ãƒ¼ãƒ‹ãƒ³ã‚°ã‚’ã—ã¦ã„ãŸãŒç«‹ã¦ç›´ã—ãŸã¨ã€‚ ã™ã”ã„é…·ãªä¸–ç•Œã‚„ãª #UFCVegas42
1459643285014827013 2021-11-13 22:04:12 +0000 <ChrisTheCollins> If you walk out to Queen, you have my full backing #UFCVegas42
1459643284989562880 2021-11-13 22:04:12 +0000 <Scott_Fontana> Oh, I get it #UFCVegas42  https://t.co/jE9qVWWYG8
1459643281768427533 2021-11-13 22:04:11 +0000 <human_maIe> The people's main event up now #UFCVegas42  https://t.co/EBgSJDykwS
1459643273379778562 2021-11-13 22:04:09 +0000 <MMA_Fusion> Khaos Williams vence a Miguel Baeza por la vÃ­a del TKO (golpes) en el tercer round (1:02) en #UFCVegas42.  https://t.co/6fptS4Bevu
1459643263913189384 2021-11-13 22:04:07 +0000 <MisterB1986> I had no idea Letson was still with the UFC, but I wonder how much she's improved since her last fight. #UFCVegas42
1459643246192340995 2021-11-13 22:04:03 +0000 <TerryTam> Isnâ€™t Felicia Spenser from Montreal? Why the American flag? Iâ€™m triggered #UFCVegas42
1459643235257786368 2021-11-13 22:04:00 +0000 <penkysmma> Spencers black belt the kwon do grading #UFCVegas42  https://t.co/fTm1rx0xU3
1459643229540950034 2021-11-13 22:03:59 +0000 <twobroscoverMMA> #UFCVEGAS42  https://t.co/l9BAnJasgY
1459643228811001857 2021-11-13 22:03:59 +0000 <zahidsalazar> They gave Leah Letson the jobber entrance. #UFCVegas42
1459643227716431878 2021-11-13 22:03:59 +0000 <MarcelDM_> Who let letson back in the octagon?#UFCVegas42
1459643205700370433 2021-11-13 22:03:53 +0000 <CaliAlex5> Early footage of @BlessedMMA Max Holloway tonight vs Yair. #UFCVegas42  https://t.co/ZstTqNIFlv
1459643193331523588 2021-11-13 22:03:50 +0000 <iAmLegendGary> One more kick Khaos wouldâ€™ve been out of there but counter game was on point #UFCVegas42  https://t.co/frxvjHpv3c
1459643190772961281 2021-11-13 22:03:50 +0000 <ayo6918> leah letson looks good at 2 in the morning #UFCVegas42
1459643184812900356 2021-11-13 22:03:48 +0000 <BestFightPicks> My favorite @PrizePicks entry for tonight! Y'all really gotta check them out. It's just you vs their projection! Use my code BATTLE for an 100% deposit match up to $100 here:  https://t.co/ZhiFiVGpAb #UFCVegas42  https://t.co/0PJBlyre4c
1459643182317068290 2021-11-13 22:03:48 +0000 <UFCNews> â€œI feel like it's time for me to step up.â€  @SongYadongMMA knew the opportunity to get a finish would present itself and now believes he is ready to start climbing the bantamweight ladder once again.  More #UFCVegas42 Results â¬‡ï¸:
1459643168295632896 2021-11-13 22:03:44 +0000 <0xMiller_> Spencer SUB R1, Lima KO1, Holloway KO4/5 #UFCVegas42 ğŸ”®
1459643159122743297 2021-11-13 22:03:42 +0000 <BrianEly357>  https://t.co/Xb6EATw41x #UFCVegas42 Damn he must have melatonin in his gloves  ğŸ¥Š #UFCFightNight
1459643147516977152 2021-11-13 22:03:39 +0000 <DeadbeatMMA> Felicia Spencer walking out to Fat Bottom Girls is A+ self awareness. that's my girl! #UFCVegas42
1459643146942439429 2021-11-13 22:03:39 +0000 <LJHoes0> DETROIT STAND UP WE GOT ONE #UFCVEGAS42
1459643108942036994 2021-11-13 22:03:30 +0000 <DavidVanAuken> Itâ€™s Fee Time! #UFCVegas42
1459643098540216322 2021-11-13 22:03:28 +0000 <ESPNKnockOut> DOS GRANDES LUCHADORAS  Ahora, Felicia Spencer ğŸ‡¨ğŸ‡¦ vs Leah Letson ğŸ‡ºğŸ‡¸ - peso pluma  #ESPNKnockOut #UFCVegas42  https://t.co/LMi8FDvarV
1459643091921551361 2021-11-13 22:03:26 +0000 <dimeluluok> Peso pluma femenino! ğŸ˜¤ #UFCVegas42
1459643057230467075 2021-11-13 22:03:18 +0000 <jenmillsap> Looooooove Spencer's walkout song. ğŸ˜ #UFCVegas42
1459643050347548672 2021-11-13 22:03:16 +0000 <Robholio37531> Fat bottom girls #UFCVegas42
1459643042726559744 2021-11-13 22:03:14 +0000 <BrianRevell> #UFCVegas42 khaos has stuuuuuupid power
1459643040092483585 2021-11-13 22:03:14 +0000 <hym_mma> Ù…ÙŠØºØ§Ù† Ø§ÙˆÙ„ÙŠÙÙŠ (@MeganOlivi) Ø³Ø±Ø¯Øª Ù…Ø¹Ø§Ù†Ø§Ø© Ù„ÙŠØ§Ù‡ Ù„ÙŠØªØ³ÙˆÙ† Ù„Ù…Ø¯Ø© 3 Ø³Ù†ÙˆØ§Øª ØŒ Ø§Ù„Ø­ÙŠÙ† ØªØªÙ…Ù†Ù‰ ÙÙˆØ²Ù‡Ø§ Ø¶Ø¯ ÙÙŠÙ„ÙŠØ´ÙŠØ§ Ø³Ø¨ÙŠÙ†Ø³Ø±   #UFCVegas42
1459643020614111235 2021-11-13 22:03:09 +0000 <HollywoodHittrz> War letson #UFCVegas42
1459643019657949191 2021-11-13 22:03:09 +0000 <UFC_CA> Ready for action ğŸ”¥ #UFCVegas42  https://t.co/jzVUsD3tLm
1459643002712956935 2021-11-13 22:03:05 +0000 <jaypettry> Felicia Spencer walking out to "Fat Bottomed Girls" by Queen may be one of the best choices in quite some time for fight music. #UFCVegas42
1459643002364866567 2021-11-13 22:03:05 +0000 <MMALatinAmerica> Felicia Spencer vs. Leah Letson es lo que sigue. #UFCVegas42 #MMA
1459642981686956035 2021-11-13 22:03:00 +0000 <Q_RomieRome> Love a woman that can embrace &amp; rock it. Get it, Felicia!!! #UFCVegas42  https://t.co/nYppj8Ba5o
1459642978641670145 2021-11-13 22:02:59 +0000 <Blades_Beauty> @arielhelwani Totally violent card #ufcvegas42  https://t.co/NwIM6efFCY
1459642939911507971 2021-11-13 22:02:50 +0000 <DLove_84> Fat Bottom Girls by Queen. Boss move by Spencer. #UFCVegas42
1459642939240591369 2021-11-13 22:02:50 +0000 <AutumnalBaby> ( Captain )Khaos Williams is turning his opponentâ€™s head and putting the rest of division on notice with a powerful TKO win over Baeza in the third round. #UFCVegas42 #MMA
1459642921574027265 2021-11-13 22:02:46 +0000 <IvanResurrect> Got to go with Felicia #UFCVegas42
1459642900443246593 2021-11-13 22:02:40 +0000 <NyckBrown> Met Leah when I fought in Wisconsin. Super helpful and even nicer. #UFCVegas42
1459642884882411522 2021-11-13 22:02:37 +0000 <shocbomb23> Absolute brutal Khaos is the best way to explain what my eyes just witnessed! I was paying attention to the multiple nasty calf kicks Baeza landed &amp; then the next damn thing I know it looked like fucking Lee Harvey Oswald took him out from the raftersâš°ğŸ’€ğŸ˜± #UFCVegas42
1459642878599352325 2021-11-13 22:02:35 +0000 <UFC_CA> Making that walk once again!  ğŸ‡¨ğŸ‡¦@FeeNom479 enters for her 6th UFC appearance ğŸ‘Š #UFCVegas42  https://t.co/pmlcGIvUs3
1459642876132921348 2021-11-13 22:02:35 +0000 <enigmachine> @ufc @khaosOXwilliams @ESPNPlus Overcoming all that leg damage, to land a KO shot? Pure determination. ğŸ˜ğŸ‘Š #UFCVegas42
1459642862375784450 2021-11-13 22:02:31 +0000 <benjammin941> I ainâ€™t sleeping on Leah and I ainâ€™t sleeping with her #UFCVegas42
1459642852841902080 2021-11-13 22:02:29 +0000 <DanTomMMA> Added Spencer ITD at +155 (.77-U) #UFCVegas42
1459642834940743684 2021-11-13 22:02:25 +0000 <DianaBelbita> It's Canada's time to shine ğŸ‡¨ğŸ‡¦ğŸŒŸ #UFCVegas42
1459642833002975243 2021-11-13 22:02:24 +0000 <Falens15> Felicia #Feenom Spencer for the win!! #ufcvegas42
1459642819484737537 2021-11-13 22:02:21 +0000 <JeanCarlosPH17> Que bueno es ver y escuchar a @TroySantiagoTV y @SPonzinibbioMMA en el @UFCEspanol . Gran trasmisiÃ³n! #UFCVegas42
1459642787905769473 2021-11-13 22:02:14 +0000 <AdamBodie> Khaos with great strength in those punches. ğŸ’¥  #UFCVegas42
1459642785095733260 2021-11-13 22:02:13 +0000 <Jon_79Davies> Wow @khaosOXwilliams what a finish #UFCVegas42
1459642774811299850 2021-11-13 22:02:11 +0000 <GalacticoRM7> My money is on Spencer, sheâ€™s got something in her eyes that tells me sheâ€™s gonna win. Make it 3/3 for me please. #UFCVegas42
1459642766816862212 2021-11-13 22:02:09 +0000 <MMAInjury> For what itâ€™s worth. Williams has very flat feet, and bears heavy weight on the inside arch of his feet. This places a subtle stress to the inside of the knee. And, he could be susceptible to outside leg kicks and injury to the medial knee. #UFCVegas42
1459642762907852800 2021-11-13 22:02:08 +0000 <aaronbronsteter> After the incredibly stacked UFC 267 and UFC 268 cards, this #UFCVegas42 card is like a neglected child trying to get the attention of their parents.
1459642749230075908 2021-11-13 22:02:04 +0000 <jaepae> Lets go Leah Letson, you got all the tools to win this! Thank you for your service, salute to all of our armed forces!ğŸ‘ŠğŸ‘ #UFCVegas42
1459642739872747526 2021-11-13 22:02:02 +0000 <ItsRiikc> Leah Letsen's "cellular level" story is the worst copypasta in the MMA world. #ufcvegas42  ğŸ¦ 
1459642726232870923 2021-11-13 22:01:59 +0000 <ClubDeLasMMA> Vamos al peso pluma femenino #UFCVegas42  https://t.co/PBAehdl589
1459642709182849029 2021-11-13 22:01:55 +0000 <Mekspicks> Ben Rothwell -160   #GamblingTwitter #SportsBetting #UFCVegas42  https://t.co/Zo3Auy7M7L
1459642707417214982 2021-11-13 22:01:54 +0000 <benjammin941> Letâ€™s go Felicia! ğŸ‡¨ğŸ‡¦ğŸ‡¨ğŸ‡¦ğŸ‡¨ğŸ‡¦ #UFCVegas42
1459642696029593602 2021-11-13 22:01:52 +0000 <Birdisth3_Word> @BlessedMMA Leeettttttttssssssss Gooooooooooooo!!!!!!!! Put that whoopin on @panteraufc  #ufcvegas42
1459642695996125186 2021-11-13 22:01:52 +0000 <CraigAllenFNP> Felicia Spencer is giving Cortney Casey a run for her money with Walkout Song of the Night #UFCVegas42
1459642692275687432 2021-11-13 22:01:51 +0000 <JajaBred> Khaos Williams winging one from the earth's crust towards your skull...#UFCVegas42  https://t.co/ASztjS2uOz
1459642681659961350 2021-11-13 22:01:48 +0000 <UFCEspanol> Sigue un emocionante duelo en las 1ï¸âƒ£4ï¸âƒ£5ï¸âƒ£ librasğŸ¤› #UFCVegas42   @FeeNom479 ğŸ‡¨ğŸ‡¦ ğŸ†š @LeahNidasMMA ğŸ‡ºğŸ‡¸  https://t.co/f07JFqV0Gh
1459642668657496064 2021-11-13 22:01:45 +0000 <mofowear> Letâ€™s Go Felicia! #UFCVegas42
1459642663058264071 2021-11-13 22:01:44 +0000 <GetMoneyGym> Preciate yall.. @SeanWoodsonMMA @SongYaDongMMA @khaosOXwilliams #UFCVegas42  https://t.co/IHMsWNLSfm
1459642659505643531 2021-11-13 22:01:43 +0000 <gavlordin> Canâ€™t believe Bisping just said â€œYou donâ€™t get in the ring without getting wetâ€â€¦.. ğŸ¤”Great advise, lubrication is always necessaryâ€¦. #UFCVegas42 @bisping
1459642650697547777 2021-11-13 22:01:41 +0000 <Sebinho93x> Nie pomyliÅ‚em siÄ™. To byÅ‚y 3 zajebiste walki, zresztÄ… jak wszystkie dzisiaj. Delikatna przerwa nawet siÄ™ przyda, na szczÄ™Å›cie to juÅ¼ ostatnia ğŸ˜‚ #UFCVegas42
1459642650290790409 2021-11-13 22:01:41 +0000 <mmamania> #UFCVegas42 highlights! Khaos Williams stops Miguel Baeza with third-round TKO  https://t.co/1cQiUUeXuR
1459642636743049218 2021-11-13 22:01:38 +0000 <ERICWIL04561815> What's the point of Training with Colby if you refuse to wrestle every fight ?? ğŸ˜­ğŸ˜­ğŸ˜­ #UFCVegas42
1459642611451453441 2021-11-13 22:01:32 +0000 <fabiangib> Leah Nidas?? How can you call yourself that and not win via front kick to the body? #UFCVegas42  https://t.co/FRVOu9Lv0Z
1459642593889951746 2021-11-13 22:01:27 +0000 <Consigliere030> ist heute hier wie ne Folge SchlagWort podcastğŸ˜… als ob @MarkBergmann die Macht Ã¼ber die Technick hat,  wenn Kaan seltsamerweise, frei hat.    #daznfightclub #UFCVegas42
1459642582489726978 2021-11-13 22:01:25 +0000 <MMAIndiaShow> Khaos Williams def. Miguel Baeza via TKO at 1:02 of Round 3.   #UFCVegas42 #MMA  https://t.co/bNHBgAQ2Od
1459642556988280837 2021-11-13 22:01:19 +0000 <Mmagoat4> #UFCVegas42 #ufc #espn ???  https://t.co/GPwT7PuUq7
1459642547815411712 2021-11-13 22:01:16 +0000 <_vincemcman> @LeahNidasMMA with the @DizzyWright kill â€˜em with kindness walk out track!!! #UFCVegas42
1459642539711946756 2021-11-13 22:01:14 +0000 <OmarShubeilat> I'm soooo excited for the next fight #UFCVegas42
1459642530090274819 2021-11-13 22:01:12 +0000 <Kitchenerlesli9> Spencer loosing to Dumont was kinda shocking to me. Lets see how she bounces back against the legend Leah Letson.#UFCVegas42
1459642504110690310 2021-11-13 22:01:06 +0000 <pikeymatt> #UFCVegas42 has been a banger
1459642495621636100 2021-11-13 22:01:04 +0000 <KallumDon> "Trains six times a day"  ----  *has bingo wings* #ufcvegas42  https://t.co/LSS3cnqZqb
1459642494417874954 2021-11-13 22:01:04 +0000 <twobroscoverMMA> Who yâ€™all got? #UFCVEGAS42 #dreamfight  https://t.co/wnLZTklL3m
1459642489636282372 2021-11-13 22:01:03 +0000 <DDurniat> Ta akcja udaÅ‚a siÄ™ Williamsowi, dlatego Å¼e wyprowadzaÅ‚ prawy, kiedy wycinaÅ‚ go Baeza, i odzyskaÅ‚ rÃ³wnowagÄ™. Znakomite ğŸ˜€ #UFCVegas42
1459642451862372357 2021-11-13 22:00:54 +0000 <sergio_hvc> Y el siguiente combate es dentro del peso pluma femen... KHE? Les juro que no estoy leyendo mal. AhÃ­ dice PESO PLUMA FEMININO! Supongo que si Leah Letson gana va de frente contra Amanda, no? Digo, no hay con quien otra probar. #UFCVegas42
1459642449681334279 2021-11-13 22:00:53 +0000 <Larr0420> Max Holloway letâ€™s go ğŸ™Œ #UFCVegas42
1459642443796979712 2021-11-13 22:00:52 +0000 <sportskeedaMMA> Who have you got?  #UFCVegas42 #UFC #MMA
1459642429661974528 2021-11-13 22:00:48 +0000 <big_boss_mma> Cuidado que donde sea te noquea. Puro poder #ufcvegas42
1459642410577895429 2021-11-13 22:00:44 +0000 <gunswordfist> Lol at everyone who thought Baeza would win. Great job, Khaos Williams! #ufcvegas42  https://t.co/MaAezgqFLr
1459642393419034625 2021-11-13 22:00:40 +0000 <Thushean> Letâ€™s go Felicia Spencer ğŸ‡¨ğŸ‡¦ #UFCVegas42
1459642388683448325 2021-11-13 22:00:38 +0000 <wannmma> ã‚¦ã‚£ãƒªã‚¢ãƒ ã‚¹ã€UFC5æˆ¦ã—ã¦å”¯ä¸€ã®è² ã‘ãŒãƒŸã‚·ã‚§ãƒ«ãƒšãƒ¬ã‚¤ãƒ©ã‹ã‚ˆï½— ã“ã‚Œã ã‘å¼·ã‹ã£ãŸã‚‰ã©ã†ã«ã‹ãªã£ãŸã ã‚   #UFCVegas42   https://t.co/7mMyrA8q17
1459642380743757827 2021-11-13 22:00:37 +0000 <JMacMMA24> @LeahNidasMMA to edge a decision I think #sparta #UFCVegas42
1459642377971326976 2021-11-13 22:00:36 +0000 <Mikeythebiggest> "Nidas"  I like it ğŸ¤£ #UFCVegas42  https://t.co/KSJg4zJi4R
1459642375278579714 2021-11-13 22:00:35 +0000 <AlmightyCoondre> Leah Nidas gotta be one of the sickest nicknames iâ€™ve seen in a minute ğŸ˜‚ #ufcvegas42
1459642374020382725 2021-11-13 22:00:35 +0000 <elimparcialcom> 'Pantera' RodrÃ­guez vs Max Holloway en #UFCVegas42: DÃ³nde, cuÃ¡ndo y a quÃ© hora ver.  https://t.co/44NW69fNWO
1459642372371927052 2021-11-13 22:00:35 +0000 <MagicM_MMA> Letson looks like they made her with the remaining parts of other people like Mr. Potato.  #UFCVegas42
1459642368064307200 2021-11-13 22:00:34 +0000 <MacMallyMMA> Khaos Williams said:   #UFCVegas42  https://t.co/mbHeu3ouvO
1459642363043893249 2021-11-13 22:00:32 +0000 <georgeLUFC11> Decent fight that.  #UFCVegas42
1459642342709862402 2021-11-13 22:00:28 +0000 <Solo_MMA> Khaos Williams vence a Miguel Baeza por TKO al 1:02, Round 3 #UFCVegas42  https://t.co/COYIWy7kWr
1459642339656355840 2021-11-13 22:00:27 +0000 <ChrisTheCollins> Khaos has that â€œI can still put you out in the 3rd roundâ€ power. Nasty knockout #UFCVegas42
1459642337945178115 2021-11-13 22:00:26 +0000 <FelixT2021> Looking to make a statement ğŸ’¥  ğŸ‡¨ğŸ‡¦ @FeeNom479 vs ğŸ‡ºğŸ‡¸ @LeahNidasMMA heads to the Octagon now!  #UFCVegas42  https://t.co/ca6ZkFjy5b
1459642333452984322 2021-11-13 22:00:25 +0000 <CaptainSlowMMA> There was much torque in that wtffff #UFCVegas42  https://t.co/Pq1NnwHwIm
1459642317065928705 2021-11-13 22:00:21 +0000 <PickBish> Felicia spencer up next, heavy favorite Iâ€™m staying away but after that things get exciting!!! I got Rothwell to win and Rothwell by sub at +500â€¦. Can he pull it off?? #UFCVegas42
1459642310044446720 2021-11-13 22:00:20 +0000 <Mattusperilius> Cmon HorseFace Felicia #UFCVegas42
1459642304176615426 2021-11-13 22:00:18 +0000 <MMADrunk> I want to be a weekend warrior and fight in the UFC too. #UFCVegas42
1459642302746529795 2021-11-13 22:00:18 +0000 <Lejay89> Night night Baeza #UFCVegas42
1459642271578693634 2021-11-13 22:00:11 +0000 <KruBoss> LETS GOOOOO @FeeNom479 #Canada #UFCVegas42
1459642249088618497 2021-11-13 22:00:05 +0000 <MMAmundial_> #UFCVegas42 resultados/ results: @khaosOXwilliams ğŸ‡ºğŸ‡¸ noquea a Miguel Baeza de manera impresionante (golpes) â€“ Round 3, 1:02.  Khaos Williams defeated Miguel Baeza via TKO (punches) â€“ Round 3, 1:02.  #UFC #MMA #AMM  https://t.co/JrOY9UjiPo
1459642248036028418 2021-11-13 22:00:05 +0000 <albinfkz> Baeza estaba fuera de combate, con esa cabeza rebotando contra la lona no podÃ­an darle chance de recuperaciÃ³n.  En una pierna prÃ¡cticamente el counter de poder de Khaos! #UFCVegas42
1459642245808746498 2021-11-13 22:00:04 +0000 <TarpsOffSports> Khaos Williams with another highlight K.O win ğŸ¥µğŸ”¥  #UFC #ufcfightnight #mma #mmatwitter #UFCVegas42 @MancusoMMA @TheBanesMMA @SergioFPMMA @KSJSports_ @JoeGravel20 @LewisSimpsonMMA @FrankBonadaMMA @sammacwass223  https://t.co/LzeldpFRh7
1459642242902097921 2021-11-13 22:00:04 +0000 <erikblock> New name calls for new nickname. Might I recommend Joanne â€œBitch I Wish Youâ€ Wood? #UFC #UFCVegas42 #MMATwitter
1459642235893518344 2021-11-13 22:00:02 +0000 <Captain__Clay> I like Felecia for this fight  #ufcvegas42
1459642233720913924 2021-11-13 22:00:02 +0000 <NoBrainerMMA> Weâ€™re both riding with Felicia Spencer in this next one. Chin of steel #UFCVegas42
1459642232328359938 2021-11-13 22:00:01 +0000 <rockman182> damn Baeza got starched. Don't stand and bang with Khaos #UFCVegas42
1459642225873371139 2021-11-13 22:00:00 +0000 <BrainMMA9> Omg Leah â€œnidasâ€ is an amazing nickname, I am hear for it ğŸ˜‚ #UFCVegas42
1459642210605953024 2021-11-13 21:59:56 +0000 <TheBanesMMA> My bets tonight #UFCVegas42  https://t.co/lpYm6elQ1p
1459642207133224962 2021-11-13 21:59:55 +0000 <KeeCope> #UFCVegas42
1459642206134816768 2021-11-13 21:59:55 +0000 <Less_HumbleTeej> So myself and @mr_blah_blah__ are 1-0. @JArnoldTAMU85 is 0-1 he picked against Song Yadong  We all have Spencer in this fight #UFCVegas42
1459642205652594692 2021-11-13 21:59:55 +0000 <mmainthenews> #RT @espnmma: WğŸ¤¯W  @khaosOXwilliams with an incredible TKO at #UFCVegas42  https://t.co/JJCrowKW1U
1459642197519785991 2021-11-13 21:59:53 +0000 <MmaTwitr> Khaos is legitimately terrifying. Dude has all that power on one leg. Insane #UFCVegas42
1459642196563533827 2021-11-13 21:59:53 +0000 <mmainthenews> #RT @espnmma: Song Yadong sensed the finish and went all out ğŸ˜³ #UFCVegas42  https://t.co/7cJP8LTFNC
1459642192046215175 2021-11-13 21:59:52 +0000 <mmainthenews> #RT @espnmma: RT @danawhite: Rodriguez has arrived to the APEX! #UFCVegas42  https://t.co/cWsidjG5BC
1459642188174970880 2021-11-13 21:59:51 +0000 <mmainthenews> #RT @espnmma: RT @danawhite: Holloway has arrived to the APEX! #UFCVegas42  https://t.co/vEM33ua1Hj
1459642175260708871 2021-11-13 21:59:48 +0000 <MMAFighting> The commentary reaction says it all ğŸ˜± #UFCVegas42  https://t.co/ftc5wiCkbL
1459642175075991553 2021-11-13 21:59:48 +0000 <JSBX007> Sean Woodson vs Edson Barboza 5 rounder #UFCVegas42 #MMATwitter what u think?
1459642166792257538 2021-11-13 21:59:46 +0000 <ERICWIL04561815> Feed baeza to Shavkat #UFCVegas42
1459642163873169415 2021-11-13 21:59:45 +0000 <seefinish> United States trends ğŸ‡ºğŸ‡¸ view more @seefinish for insight (Top 10) Baylor Auburn #UFCVegas42 Purdue Michigan Lincoln Riley Oklahoma Samford Penn State #GoBlue  View Google searches trend insight  ğŸ‘‡  https://t.co/GLaX0KJT0b
1459642159523577858 2021-11-13 21:59:44 +0000 <seancaputo> Leah just lost on TUF.  #UFCVegas42
1459642151655116801 2021-11-13 21:59:42 +0000 <jerichocab> #UFCVegas42 has been nothing short of ğŸŒ ğŸŒ ğŸŒ Only 1 bout going the distance thus far. The matchmaking for this card has been ğŸ‘¨â€ğŸ³ ğŸ¤ŒğŸ½ ğŸ’‹
1459642139151904771 2021-11-13 21:59:39 +0000 <DerDampfHans> Naja ... die Titelaussichten in der Division sind schon hart fÃ¼r Spencer. Ich mag sie und ihren Stil ja sehr - aber gegen Amanda wird's so gut wie unmÃ¶glich. #UFCVegas42 #DAZNfightclub
1459642122433298436 2021-11-13 21:59:35 +0000 <AlexBehunin> Miguel Baeza started his career 10-0, looking like a real contender and now has lost two straight.  This sport is unforgiving. #UFCVegas42
1459642121766387713 2021-11-13 21:59:35 +0000 <mofowear> Hey Count Bisping! Miesha Tate fighting for Free? #UFCVegas42
1459642116905312263 2021-11-13 21:59:34 +0000 <DaBedolla> Â¡El Pantera estÃ¡ de regreso! Se viene un peleÃ³n contra Max Holloway en una hora. AquÃ­ una excelente entrevista a Yair para ir entrando en calor ğŸ‘Š. #UFCVegas42 ğŸ‡²ğŸ‡½
1459642107577122817 2021-11-13 21:59:31 +0000 <FightYours> Khaos Williams si dimostra ancora una volta DEVASTANTE ğŸ’¥  #UFCDaznItaly #UFCVegas42
1459642105618391049 2021-11-13 21:59:31 +0000 <ConsensusScore> Coming up next is Felicia Spencer vs Leah Letson in a Women's Featherweight Bout.  #UFCVegas42
1459642104578252803 2021-11-13 21:59:31 +0000 <KSV_3> This begs the question...just how tough is Matthew Semelsberger? #UFCVegas42
1459642103177224192 2021-11-13 21:59:30 +0000 <ufc> Looking to make a statement ğŸ’¥  ğŸ‡¨ğŸ‡¦ @FeeNom479 vs ğŸ‡ºğŸ‡¸ @LeahNidasMMA heads to the Octagon now!  [ #UFCVegas42 | Main Card Live NOW on @ESPNPlus ]  https://t.co/wdfBJr2Z2j
1459642091668221955 2021-11-13 21:59:28 +0000 <KnockdownNews> #UFCVegas42 Result: Khaos Williams put an end to his explosive striking battle against Miguel Baeza in the third round, flattening him with an overhand right.  Williams has won four out of his five UFC bouts.  Live Coverage:  https://t.co/dtniTFaUUI
1459642079873806337 2021-11-13 21:59:25 +0000 <CockfighterMMA> Time for the highlight of the card  #UFCVegas42
1459642073414615048 2021-11-13 21:59:23 +0000 <FukingCasuals> #UFCVegas42 Main Event is gonna be ğŸ”¥  https://t.co/PdaSdDhY7Q
1459642063633350656 2021-11-13 21:59:21 +0000 <DrakeRiggs_> Spencer in a bit of a back against the wall situation with two straight losses and 1-3 in her last four. But this is UFC FW, and considering who she lost to, she'll be fine regardless of outcome. Still wish all FWs were just under one roof. Tough return for Letson. #UFCVegas42
1459642059208499201 2021-11-13 21:59:20 +0000 <tedbratby> Iâ€™ve never seen a Felicia Spencer fight which wasnâ€™t boring. This ones already a write off #UFCVegas42
1459642049762938880 2021-11-13 21:59:18 +0000 <NatePhillipsMMA> Joel Alvarez is an absolute PROBLEM for the lightweight division. With his height, range and skills he is a TOUGH problem to solveâ€¦ Just gotta get the weight under control. Nice win today Mr. Alvarez and thanks for the cheese! #UFCvegas42
1459642049024643075 2021-11-13 21:59:17 +0000 <IommiCuseFan> @TheDomsMom @bfield999 #UFCVegas42
1459642045925109768 2021-11-13 21:59:17 +0000 <itsarifislam> Holloway vs Rodriguez is gonna be a fight of the year contender surely #UFCVegas42
1459642033790935041 2021-11-13 21:59:14 +0000 <33officialmusic> @khaosOXwilliams WOW! #ufc #ufcvegas42
1459642031647694858 2021-11-13 21:59:13 +0000 <HumpdayIzzy> Joanne Calderwood really got married to her coach with the last name Wood so now her name is â€œJoanne Woodâ€ ğŸ˜‚ğŸ˜‚ğŸ˜‚ #UFCVegas42
1459642022780968964 2021-11-13 21:59:11 +0000 <TADO4REAL> Did Khaos Williams just reveal the defense against the calf kick ? ğŸ˜‚  #UFCVegas42
1459642020570480642 2021-11-13 21:59:11 +0000 <anthonyscountry> Who do you think will win the Womenâ€™s Featherweight match at #UFCVegas42 today?  #UFC
1459642019031048192 2021-11-13 21:59:10 +0000 <JoeFielding> #UFCVegas42  LETS GO SPENCER!!!
1459642014069362691 2021-11-13 21:59:09 +0000 <rozharlem47> Spencer is boring #UFCVegas42
1459641995085983745 2021-11-13 21:59:05 +0000 <twobroscoverMMA> #UFCVEGAS42  https://t.co/V8mTm3T8JJ
1459641985594241029 2021-11-13 21:59:02 +0000 <solocash714093> I donâ€™t care about this next fight if Iâ€™m being honest lol ğŸ˜‚ #UFCVegas42
1459641979516727304 2021-11-13 21:59:01 +0000 <CWFAN96> Baeza vs Williams definite FOTN so far! #UFCVegas42
1459641974579941377 2021-11-13 21:59:00 +0000 <KallumDon> There's fighters that had to drag themselves through hell to finally get to the UFC, then there's fighters that lucked out and got the phonecall after a handful of W's against soccermoms with the experience of a free krav maga tutorial.. #ufcvegas42
1459641968087248902 2021-11-13 21:58:58 +0000 <DanYanofskyMMA> We missed out on one of the greatest last names in #MMA history. #UFCVegas42
1459641964190744578 2021-11-13 21:58:57 +0000 <benjaminbeeson7> Whyâ€™s this a no contest?!?! #ufcvegas42  https://t.co/jUP3S5lRu4
1459641962286534662 2021-11-13 21:58:57 +0000 <UFCBrasil> Vem chegando mais um duelo interessante no #UFCVegas42!  Hora de @FeeNom479 e @LeahNidasMMA buscarem a vitÃ³ria no OctÃ³gono! #UFCVegas42   Assista no @CanalCombate â¡  https://t.co/ft1a87ueBk  https://t.co/WibRZgl9ft
1459641958050279424 2021-11-13 21:58:56 +0000 <AndyTheSavage24> Rooting for the former champ #UFCVegas42  https://t.co/eGMgBPeg1I
1459641956238168064 2021-11-13 21:58:55 +0000 <Kitchenerlesli9> Tognoni and me. #UFCVegas42  https://t.co/Tl8PaCQZEi
1459641948126343169 2021-11-13 21:58:53 +0000 <HollywoodHittrz> I mean reallyâ€¦ #UFCVegas42
1459641945358311429 2021-11-13 21:58:53 +0000 <ODonova20> Khaos reigns at #UFCVegas42
1459641931240284166 2021-11-13 21:58:49 +0000 <WWEUFCYMAS> Perooo quÃ©eee eventoooo esssss esteeeee! #UFCVegas42 Y ahora Khaos Williams noquea con terrible KO a Miguel Baeza!   https://t.co/X4veVS9Agi
1459641926806913031 2021-11-13 21:58:48 +0000 <topboylfc> He kept leaving his chin exposed wen he was stepping in with the leg kicks then he threw a combo but it was to late! #UFCVegas42 @btsportufc
1459641917361242120 2021-11-13 21:58:46 +0000 <JMacMMA24> @LewisSimpsonMMA A savage way to make a living #UFCVegas42
1459641910566559745 2021-11-13 21:58:44 +0000 <EmilianoCandido> #TenemosAccion #UFCVegas42 Â¡PESO PLUMA FEMENINO! Â¡PIDAN UN DESEO! Felicia Spencer vs Leah Letson Â¿QuiÃ©n gana? Lo compartimos en mi canal de Twitch  https://t.co/Z7YGOx270E  https://t.co/RqvrTKY9Yr
1459641908393881612 2021-11-13 21:58:44 +0000 <TheUFCStats> They stopped that fight early because Baeza is Colby's teammate ğŸ˜¤ #UFCVegas42
1459641895986941954 2021-11-13 21:58:41 +0000 <cal_tweets_mma> have a feeling these next 2 fights are gonna slow the pace of this card wayyyyyy down idk why. #UFCVegas42
1459641890266042371 2021-11-13 21:58:40 +0000 <urWiner> Does Spencer take the path of her TKD background or hunt the sub? #UFCVegas42
1459641879994286086 2021-11-13 21:58:37 +0000 <jeffmmatvfan> This cards so oddly put together we just had two really good fights the next two are not very good abd a great main #UFCVegas42
1459641861782458370 2021-11-13 21:58:33 +0000 <MMADrunk> Can't believe Felicia Spencer fought both Cyborg and Nunes. #UFCVegas42
1459641857542082560 2021-11-13 21:58:32 +0000 <MMABetting72> -3U loss on Baeza live at + money.  One moment of lost focus by Baeza, and lights out.  Thought he was fighting a good fight too. Few more of those leg kicks and Khaos was basically done.  #UFCVegas42
1459641843440930816 2021-11-13 21:58:28 +0000 <PosLuta> Felicia Spencer (@FeeNom479) e Leah Letson (@LeahNidasMMA) lutam na sequÃªncia #UFCVegas42
1459641841087922181 2021-11-13 21:58:28 +0000 <leo_guzmanc> @UFCEspanol Aunque @Thunder92Baeza decÃ­a que todavÃ­a podÃ­a seguir... despuÃ©s de dos golpes bajos de @khaosOXwilliams, habrÃ¡ tenido algo que ver eso en su victoria?? #UFCVegas42
1459641830220390406 2021-11-13 21:58:25 +0000 <Unorthodox_vir> #ufcvegas42   https://t.co/SEFBcE5rsB
1459641828131553281 2021-11-13 21:58:25 +0000 <lwigi21> Les Dijeee  O  Se PonÃ­a Las Pilas Baeza o PerdÃ­a Vs Williams y Pummm otro K.O En El 3er Round ğŸ‘ŠğŸ¼ğŸ‘ŠğŸ¼ğŸ˜œğŸ˜œğŸ¥³ğŸ¥³ğŸ‘ğŸ¼ Gran FunciÃ³n SeÃ±ores De  #UFCVegas42
1459641822230335494 2021-11-13 21:58:23 +0000 <lukmtz> #kalinnWilliams ğŸ™ŒğŸ»ğŸ™ŒğŸ»ğŸ™ŒğŸ»ğŸ™ŒğŸ»ğŸ™ŒğŸ»#UFCVegas42
1459641820405768198 2021-11-13 21:58:23 +0000 <FreeMMAPicks> L on Baeza makes us 4-3 for #UFCVegas42  â¡ï¸Spencer inside the distance (+175)  #UFC #MMA #freepick #freepicks
1459641820175118339 2021-11-13 21:58:23 +0000 <SuperbeastCraig> Coming up next is Felicia Spencer vs. Leah Letson in a women's Featherweight bout. #UFCVegas42 #MMATwitter
1459641819780853762 2021-11-13 21:58:23 +0000 <MMAFanTheSpider> Howâ€™s this fight on the main card then? #ufcvegas42
1459641817935269895 2021-11-13 21:58:22 +0000 <nis4r> Still amazed that Felicia Spencer survived five rounds with Amanda Nunes. The Lioness definitely went easy on her #UFCVegas42
1459641817448787968 2021-11-13 21:58:22 +0000 <mma_sacrifice> The #UFC is unstoppable the last three weeks! #UFCVegas42
1459641810125348864 2021-11-13 21:58:21 +0000 <Assalamualeikum> #UFCVegas42  https://t.co/dhJPksU8yF
1459641803183988742 2021-11-13 21:58:19 +0000 <TheRealGSR_7> Khaos absolutely smashesâ€¦.  Baeza: â€œIâ€™m fineâ€¦.â€  #UFCVegas42  https://t.co/UmwGn0YVGX
1459641797932556289 2021-11-13 21:58:18 +0000 <ProfoundDemon> Will always remember that Meisha and Nate parlay making me a pile of money the night she won the belt. #UFCVegas42
1459641788260446208 2021-11-13 21:58:15 +0000 <Cagesidepress> #UFCVegas42 Results: Khaos Williams def. Miguel Baeza by TKO (Punches) in Round 3 (1:02) via @CagesideJay #MMA #UFC  https://t.co/tTnhwYDF3J
1459641776382398468 2021-11-13 21:58:12 +0000 <Bronx_Bastard_> Build her body? #UFCVegas42
1459641775547637760 2021-11-13 21:58:12 +0000 <NiekvdKolk> A fast knockout from Khaos WilliamsğŸ’ª #UFCVegas42
1459641773588951050 2021-11-13 21:58:12 +0000 <GT_Picks_> +1.47u   #UFCVegas42
1459641766802452482 2021-11-13 21:58:10 +0000 <MMAjunkie> #UFCVegas42 rolls on at women's featherweight as former title challenger Felicia Spencer (@FeeNom479) takes on Leah Letson (@LeahNidasMMA).  Full play-by-play:  https://t.co/dtqvdiNgrj  https://t.co/kK11s7zeLy
1459641751648538631 2021-11-13 21:58:07 +0000 <Godspeed_MMA> Last couple plays for #UFCVegas42.... letâ€™s go for the sweep! #GamblingTwitter #FreePlays #UFCBets  https://t.co/WYKkq22Zxj
1459641751564701697 2021-11-13 21:58:07 +0000 <TheProandTheBro> Who should Khaos Williams fight next? #UFCVegas42
1459641747764486145 2021-11-13 21:58:06 +0000 <Brock_Lewis13> I guess he was injured.I thought he looked a bit slow, but it didnâ€™t affect his power! Big knockout! Iâ€™m a big fan of Khaos! #UFCVegas42
1459641721935970307 2021-11-13 21:57:59 +0000 <Rufiospenz> This @khaosOXwilliams knockout was so fucking good #UFCVegas42
1459641710812688385 2021-11-13 21:57:57 +0000 <Biglertime> Can we get a Khaos Williams vs Nitetrain Gooden welterweight fight?  That would be fireworks #UFCVegas42
1459641703716032518 2021-11-13 21:57:55 +0000 <anthonyscountry> Yâ€™all enjoying watching #UFCVegas42 right now?  #UFC
1459641694048202763 2021-11-13 21:57:53 +0000 <albieeagle> This card is a banger #UFCVegas42
1459641682886946817 2021-11-13 21:57:50 +0000 <SwoleBodyBarney> Brendan Fitzgerald #UFCVegas42  https://t.co/wmFfPAidWG
1459641671814156294 2021-11-13 21:57:48 +0000 <InnerSpeakerss> "You don't get in the ring without getting wet" eh #UFCVegas42
1459641652772061188 2021-11-13 21:57:43 +0000 <mirogramma> right hook from HELL #UFCVegas42
1459641650884476937 2021-11-13 21:57:43 +0000 <jaepae> Great KO by Khaos! Hope he gets a 50 G bonus, Baeza went to the well one too many times, got too predictable #UFCVegas42
1459641649240416268 2021-11-13 21:57:42 +0000 <AnacondaBet> Khaos Williams is made of Detroit Steel #UFCVegas42  https://t.co/TFnMINFC2g
1459641647948603416 2021-11-13 21:57:42 +0000 <amazingblack23> Khaos ya habÃ­a amenazado con la potencia de sus golpes. Baeza resistiÃ³ el castigo y se encaminaba a la decisiÃ³n. Candidato a bono ese derechazo para noquear. #UFCVegas42
1459641637710274564 2021-11-13 21:57:39 +0000 <ArcherMMA> Only 1 decision on this entire fight night. Let's keep it going ğŸ˜#UFCVegas42  https://t.co/HOiYUtZ7b1
1459641637659987969 2021-11-13 21:57:39 +0000 <AandA_MMA> We move now to the Womenâ€™s Featgerweight division where weâ€™ll have ğŸ‡¨ğŸ‡¦ Canadaâ€™s Felicia Spencer (8-3) vs ğŸ‡ºğŸ‡¸ USAâ€™s Leah Letson (5-1). Spencer is the -380 favorite here #UFCVegas42
1459641636158423044 2021-11-13 21:57:39 +0000 <NeverHedge> Letâ€™s go!!!!!! Sign up here for my full tape study notes and betting card! FREE  https://t.co/M1JjLyNGwm #UFCVegas42  https://t.co/GiiqHy0eYJ
1459641627635499013 2021-11-13 21:57:37 +0000 <Northernlad47> Brutal from @khaosOXwilliams pure KO power   #UFCVegas42
1459641627350376460 2021-11-13 21:57:37 +0000 <Wildcard38> Khaos Williams has power. But that chin is GRANITE #UFCVegas42
1459641621432225792 2021-11-13 21:57:36 +0000 <Mark_Hatswell> Time for Spencer vs Letson. Donâ€™t see how Spencer doesnâ€™t win but I may be a biased Canadian #UFCVegas42
1459641612703780869 2021-11-13 21:57:33 +0000 <MohiAbro> P.S - that @Justin_Gaethje and @MikeMav22 ad is hilarious ! :D   #UFC   #UFCVegas42
1459641612280250371 2021-11-13 21:57:33 +0000 <RichardAMann> Both Khaos Williams and Miguel Baeza made it a point to attack the legs, but in the end, Williams' head strikes were the difference and finished the fight #UFCVegas42  https://t.co/VcnJpOWhSw
1459641612234067969 2021-11-13 21:57:33 +0000 <JakeBroderick98> Baeza was out colddd #UFCVegas42
1459641608425467905 2021-11-13 21:57:32 +0000 <ZombieRaider707> Khaos is no nonsense violence! TKO Win, gotta like it! #UFCVegas42
1459641601043714053 2021-11-13 21:57:31 +0000 <OTHeroicsMMA> DONâ€™T COUNT KHAOS WILLIAMS OUT!!! #UFCVegas42     https://t.co/oL1r3vJcCd
1459641591619100673 2021-11-13 21:57:28 +0000 <NicholasPaulMa1> Only one fight has gone the distance so far tonight, everyone hungry af for that performance bonus ğŸ‘ #UFCVegas42
1459641580738924548 2021-11-13 21:57:26 +0000 <Kitchenerlesli9> Who the F is Leah Letson? #UFCVegas42
1459641568051089413 2021-11-13 21:57:23 +0000 <hym_mma> Ø­Ø±Ø§Ù… Ø¹Ù„ÙŠÙ‡ Ø¨Ø§ÙŠÙŠØ²Ø§ ØŒ ÙŠØ³ØªØ§Ù‡Ù„ Ø§Ù„Ø®Ø³Ø§Ø±Ø© ØŒ Ø§Ù„Ù…Ø¯Ø±Ø¨ ÙŠÙ‚ÙˆÙ„Ù‡ Ù„Ø§ ØªØªØ¨Ø§Ø¯Ù„ Ù„ÙƒÙ…Ø§Øª Ù…Ø¹ ÙˆÙŠÙ„ÙŠØ§Ù…Ø² ÙˆÙ„ÙƒÙ†Ù‡ ÙŠØ¹Ø§Ù†Ø¯ ØŒ Ø±ÙØ¬Ù„ ÙˆÙŠÙ„ÙŠØ§Ù…Ø² ÙƒØ§Ù†Øª Ù…Ù†ØªÙ‡ÙŠØ© Ù„ÙƒÙ† Ø¨Ø§ÙŠÙŠØ²Ø§ Ø§Ù„Fight IQ Ø¹Ù†Ø¯Ù‡ Ø¹Ø¯Ø¯Ù‡ ÙØ±Ø¯ÙŠ   #UFCVegas42   https://t.co/4MQN4pE11N
1459641564469338115 2021-11-13 21:57:22 +0000 <MLCJD1980> Detroit! @khaosOXwilliams what a KOğŸ”¥ğŸ”¥ğŸ”¥ #ufcvegas42
1459641561340256261 2021-11-13 21:57:21 +0000 <BloodyElbow> Taking Spencer. But if she can't get this fight down it's likely a coin toss. #UFCVegas42
1459641540234547206 2021-11-13 21:57:16 +0000 <nikki_c_lane> Khaosis nice to look at #UFCVegas42
1459641538691092480 2021-11-13 21:57:16 +0000 <B_Firefly_> #UFCVegas42  https://t.co/K0FhMdHLjf
1459641537785208839 2021-11-13 21:57:16 +0000 <NowWmma> Featherweights are up next, Felicia Spencer vs Leah Letson #UFCVegas42 #WMMA  https://t.co/aiQ0wAXQBk
1459641533880283136 2021-11-13 21:57:15 +0000 <NationGrandma> This is just too much fun in one day William was doing the slide &amp; throwing shots at the same time at the same time .ğŸ¤£ğŸ¤£ğŸ¤£ #UFCVegas42  #espnplus
1459641527609614338 2021-11-13 21:57:13 +0000 <Bret21B> Joanne Wood changing her nickname to Calder? #UFCVegas42
1459641526334726151 2021-11-13 21:57:13 +0000 <Baurier99> #UFCVegas42 What a card and making money!!! ğŸ”¥ğŸ”¥ğŸ”¥
1459641524405379076 2021-11-13 21:57:12 +0000 <tedbratby> Just no. He was out. Good stoppage #UFCVegas42
1459641523843309570 2021-11-13 21:57:12 +0000 <FelixT2021> Living up to the name ğŠğ¡ğšğ¨ğ¬ âš”ï¸  @KhaosOXWilliams  #UFCVegas42   https://t.co/IgL7lEOylP
1459641523625205761 2021-11-13 21:57:12 +0000 <KyleAnthonyUFC> Client Play: #UFCVegas42  Khaos Williams (+130) âœ… @WagerTalk  Dude has dynamite in his hands. Any point a fight ending bomb! ğŸ’£ ğŸ’£ ğŸ’° Let's go!  2-0 ğŸ˜  Only 4% Best Bet left...  Back to back sweeps...??  https://t.co/PpcYdtf4WV
1459641520907300875 2021-11-13 21:57:12 +0000 <corporathustler> The power is those hands of @khaosOXwilliams gets it done against Miguel Baeza as he earns the TKO win! After his leg was compromised from the heel hook in R1, he weathers the storm and comes out victorious! Really good fights today! Everyone is bringing it! #UFCVegas42 #UFC
1459641518172561421 2021-11-13 21:57:11 +0000 <KingGarfield94> The rule is : when someone undefeated loses their 0, they almost always lose the next one So many examples out there ğŸ¤·â€â™‚ï¸ğŸ˜” #UFCVegas42
1459641513818738692 2021-11-13 21:57:10 +0000 <glovesoffboxing> Khaos can crack!!!! Detroit stand up!!! #UFCVegas42
1459641504788590593 2021-11-13 21:57:08 +0000 <Skilled_Ace> Nighty night! ğŸ‘ŠğŸ’£ğŸ’¥ğŸ˜ #UFCVegas42
1459641500996882443 2021-11-13 21:57:07 +0000 <RaulAlzaga> Khaos Williams consigue KO sobre el #boricua Miguel Baeza en 3er asalto en #UFCVegas42. La pelea estaba cerrada 1-1 luego dos asaltos y Baeza lo tuvo en problemas con intentos de sumisiones en 1er asalto y patadas a su pierna en el 2do rd, pero se descuidÃ³ ahÃ­ en el 3er episodio.
1459641496974462981 2021-11-13 21:57:06 +0000 <badass_drawings> chaotic chinning there by williams #UFCVegas42
1459641483145867264 2021-11-13 21:57:03 +0000 <BloodyElbow> Felicia Spencer vs. Leah Letson next #UFCVegas42
1459641480901967873 2021-11-13 21:57:02 +0000 <LewisSimpsonMMA> So unfortunate for Miguel Baeza. Massive talent. Now facing a two fight skid after winning ten straight. #UFCVegas42
1459641480885067780 2021-11-13 21:57:02 +0000 <wannmma> ãƒã‚¨ã‚¶ç„¡æ•—ã‹ã‚‰ã®2é€£æ•—ã‹ãƒ¼ å¼·è±ªç›¸æ‰‹ã«ã—ã¦ã‚‚ä¸€åº¦è² ã‘ã‚‹ã¨ç¶šã„ã¡ã‚ƒã†é¸æ‰‹å¤šã„ã‹ã‚‰ãªã‚ã€æ¬¡è¸ã‚“å¼µã£ã¦ãã‚Œ   #UFCVegas42
1459641478037258248 2021-11-13 21:57:01 +0000 <SubliminalMMA> Why Baeza why? Why you brawling when his leg is doneğŸ¤¦â€â™‚ï¸ -1.5u   #UFCVegas42
1459641470529331200 2021-11-13 21:57:00 +0000 <ASwaim3> Final significant strikes tallies:  Miguel Baeza: 30/60 (50%) Khaos Williams: 52/149 (33%)  Canâ€™t really do anything if the more efficient fighter just didnâ€™t come to fight today ğŸ¤·ğŸ¼â€â™‚ï¸  You gotta come ready or youâ€™re going out and youâ€™re going to lose your career. #UFCVegas42
1459641467450925060 2021-11-13 21:56:59 +0000 <ConsensusScore> This is all of us... #UFCVegas42
1459641462191185933 2021-11-13 21:56:58 +0000 <HumpdayIzzy> Another tough result but another learning experienceâ€¦ Miguel will be back better ğŸ’ªğŸ½ğŸ‡µğŸ‡· @Thunder92Baeza #UFCVegas42
1459641461767610369 2021-11-13 21:56:57 +0000 <ian_greenleaf> #ufcvegas42 wasted his energy on ankle submission attempt. horrible strategy
1459641461012639749 2021-11-13 21:56:57 +0000 <NathanGlasshole> Great fight, Khaos is a wild man!!! Fine margins in MMA. What a fucking sport #UFCVegas42
1459641453924212737 2021-11-13 21:56:56 +0000 <EbbTide717> â€œPeople keep sleeping on meâ€¦ WEâ€™LL LET THE DOCTORS WAKE EM UP!â€ @khaosOXwilliams  #ufcvegas42 #ufc
1459641415659626509 2021-11-13 21:56:46 +0000 <PosLuta> Em entrevista no octÃ³gono, Williams disse que pretende voltar a lutar em breve, sem mencionar nomes. Sete vitÃ³rias por nocaute na carreira, esse cara tem a mÃ£o pesada! #UFCVegas42
1459641406956486658 2021-11-13 21:56:44 +0000 <JCazales> Ansiosos por ver ya a @panteraufc en la pelea estelar del #UFCVegas42 #ProhibidoParpadear Saludos @GersonMarlon @mariodelgadorzm @SalasJiujitsu #UFCxFox
1459641405878460418 2021-11-13 21:56:44 +0000 <JoeGravel20> Itâ€™s an underdog kind of night eh? Letâ€™s see if that trend continues in any of the final three fights. #UFCVegas42
1459641400509800455 2021-11-13 21:56:43 +0000 <ReachingfortheB> Knockout!!!!! Dude didnâ€™t know what even happened #ufcvegas42 #knockout #gotosleep
1459641393266274310 2021-11-13 21:56:41 +0000 <bryancmcd8> He just said man 18 times in 2 minutes @khaosOXwilliams  #UFCVegas42
1459641388220522496 2021-11-13 21:56:40 +0000 <DoeWright_> Upset alert ğŸš¨ Khaos lives up to his name. Time to give him a big name in the division #UFCVegas42    https://t.co/LvxZBT4lLz
1459641385565442048 2021-11-13 21:56:39 +0000 <ConsensusScore> Must. Watch. Counter punching!  Khaos blasts out Baeza! #UFCVegas42
1459641370440880133 2021-11-13 21:56:36 +0000 <MMAdamMartin> Joanne Calderwood has officially changed her legal name to Joanne Wood after getting married to MMA coach John Wood. The other option was of course Joanne Calderwood-Wood! #UFCVegas42
1459641367983013889 2021-11-13 21:56:35 +0000 <AllISeeIsLegacy> Did Bisping mean hurt?  My man said wet ğŸ˜‚   #UFCVegas42
1459641367412580355 2021-11-13 21:56:35 +0000 <olivercmma> chiesa vs brady is my main event #UFCVegas42
1459641365919240192 2021-11-13 21:56:35 +0000 <daybettor> 3 Felicia Spencer wins inside the distance +155  Risk 2 to win 4.65  #UFCVegas42
1459641365709549568 2021-11-13 21:56:35 +0000 <KevinI> Next fight at #UFCVegas42   Leah Letson +250 at @BetMGM  v Felicia Spencer -315
1459641362471604224 2021-11-13 21:56:34 +0000 <NatePhillipsMMA> A big win for @khaosOXwilliams and much needed. I think that @Thunder92Baeza wins that fight 8 times out of 10 though. Especially if he wasnâ€™t coming off of a loss and dealing with some confidence issues. #UFCVegas42
1459641350182297600 2021-11-13 21:56:31 +0000 <Mandeepaujla97> This card has been ğŸ”¥ #UFCVegas42
1459641348852785155 2021-11-13 21:56:31 +0000 <tylamooo> @khaosOXwilliams is a BAD MOFUCKA #ufcvegas42
1459641345082023938 2021-11-13 21:56:30 +0000 <Scott_Fontana> What I like about JoJo's name change is if she makes a mistake she can just put an X over "Calder" and it's all good #ufcvegas42
1459641340925460480 2021-11-13 21:56:29 +0000 <ayo6918> i want to have sex with meisha tate #UFCVegas42 #ufcvegas43
1459641335120605194 2021-11-13 21:56:27 +0000 <Pat_Egan> That Khaos Williams KO. #UFCVegas42  https://t.co/5xWYzJnIdK
1459641334483062784 2021-11-13 21:56:27 +0000 <TheDeadpoolMMA> Williams is a loon! The man has serious pop and serious heart. I just went with the more polished guy. Wrongly. Bravo Khaos. ğŸ”¥  Next up, FELICIA SPENCER ğŸ¥‹  Another finish in the air ğŸ‘€  #UFCVegas42
1459641330473345026 2021-11-13 21:56:26 +0000 <pitrsimn> what a koğŸ”¥ğŸ”¥ğŸ”¥ #ufcvegas42
1459641315130494990 2021-11-13 21:56:23 +0000 <AndyTheSavage24> Why the fuck is Brady vs Chiesa the co main?? #UFCVegas42
1459641313175871494 2021-11-13 21:56:22 +0000 <Blades_Beauty> @UFC_Obsessed Nobody's gonna like heel-hook Khaos ever again ğŸ¤£ #ufcvegas42  https://t.co/UvXfBrf5cM
1459641308511883270 2021-11-13 21:56:21 +0000 <RevKoka> Right hand cemetery #ufcvegas42
1459641306750275584 2021-11-13 21:56:21 +0000 <Mdotadot32> That tequila commercial with @Justin_Gaethje and @MikeMav22 is actually pretty hilarious ğŸ¤·ğŸ½â€â™‚ï¸ğŸ˜‚ğŸ’ªğŸ½ğŸ‘ğŸ½ #UFCVegas42
1459641305454178305 2021-11-13 21:56:20 +0000 <riquercl> Khaos tiene la tÃ­pica cara de guardia de Club Nocturno, pero de esos que te dan de puÃ±etazos detrÃ¡s del callejÃ³n y despuÃ©s siguen trabajando cÃ³mo si nada hubiera pasado. #UFCVegas42 #UFC #MMATwitter
1459641300295241731 2021-11-13 21:56:19 +0000 <Zbazzi23> i love when detroit fighters thrive #ufcvegas42
1459641299171164161 2021-11-13 21:56:19 +0000 <GamblingDFSTIPS> #UFCVegas42 #bets   Felicia Spencer by Decision +120 (1 Unit)  +10.2 Units on the card so far, 3 fights left!
1459641299158528000 2021-11-13 21:56:19 +0000 <jasoneg33> Joanne Wood ? Nah she still getting called Joanne Calderwood ahah #UFCVegas42
1459641297870987279 2021-11-13 21:56:18 +0000 <skinnytoldem> Khaos Williams has next level scary power Jesus Christ #UFCVegas42
1459641287846645760 2021-11-13 21:56:16 +0000 <JamahalH> @khaosOXwilliams Way to set the tone!!!#UFCVegas42
1459641277172101129 2021-11-13 21:56:13 +0000 <MmaBoxingRounds> Khoas Williams gets it done. Another knockout win #UFCVegas42
1459641276127760385 2021-11-13 21:56:13 +0000 <eyeoverstats> Khaos Williams is a BAD BAD MAN!!!!!! #UFCVegas42
1459641276094164996 2021-11-13 21:56:13 +0000 <YayoTheCaveman> Khaos is a MONSTER with those hands.   #UFCVegas42
1459641271912308736 2021-11-13 21:56:12 +0000 <JohnNorm17> Damn I was waiting for Khaos to say his line. "It's not personal. Just punishment" #UFCVegas42
1459641268053716998 2021-11-13 21:56:11 +0000 <AMCViking> Hey @ufc â€¦ NO we do NOT want to see the Koi Pond anymore!! #ufc #ufcvegas42
1459641267822882819 2021-11-13 21:56:11 +0000 <architectden> Miguel Baeza vs Kalinn Williams ^WAS Miguel Baeza ROBBED?     UFCFight Night: #ufcvegas42 #ufc #Bellator271 #mmastreams #Brazil Welterweight #boxingstreams   watch #livestream tv:  https://t.co/22tcQn5k9O
1459641266979835904 2021-11-13 21:56:11 +0000 <NewContenderMMA> That was Khaotic #UFCVegas42
1459641262848372737 2021-11-13 21:56:10 +0000 <TRILL_JOZI> FUCKING KHAOS WILLIAMS!!!!! LETS FUCKING GOOOOOO!!!!! #UFCVegas42
1459641262827442182 2021-11-13 21:56:10 +0000 <BloodyElbow> "I was made for this. I was made for this. I was counted out before I got in here. They didn't feel me, but they know I'm a threat now." - Khaos Williams #UFCVegas42
1459641260734623745 2021-11-13 21:56:10 +0000 <__yousseff> Ø§ÙˆÙ ÙŠØ§Ù„Ù‚Ø§Ø¶ÙŠØ© ğŸ¤¯  #UFCVegas42
1459641256452268033 2021-11-13 21:56:09 +0000 <MMATeaTalk> Miguel Baeza shouldn't have stayed in a pocket and traded with Khaos Williams. Baeza should have stayed outside and destroyed his calf's. #UFCVegas42
1459641255311204353 2021-11-13 21:56:08 +0000 <dapanz1213> ï½¥ï½¥ï½¥çœ ã„(  Â¯ê’³â€‹Â¯ )á  ï½¥ï½¥ï½¥å‡„ã‚§ï¼âˆ‘(ÂºÏ‰Âºï½€*)ï¾Šï½¯  ï½¥ï½¥ï½¥çœ ã„(  Â¯ê’³â€‹Â¯ )á  ï½¥ï½¥ï½¥å‡„ã‚§ï¼âˆ‘(ÂºÏ‰Âºï½€*)ï¾Šï½¯  ã‚’ç¹°ã‚Šæ›¿ãˆã¦ã—ã¦ãŠã‚Šã¾ã™ğŸ˜ª  #UFCVegas42
1459641254816456705 2021-11-13 21:56:08 +0000 <WillBrewer_10> Baeza landed two great leg kicks but stayed in the fire and â€˜took picturesâ€™ as @dc_mma would say and thatâ€™s obviously very dangerous with Khaos. Good win for Khaos! #UFCVegas42
1459641252476030984 2021-11-13 21:56:08 +0000 <MathiasWH2005> #UFCVegas42 Someone Plz send me link to The fight
1459641249716064256 2021-11-13 21:56:07 +0000 <effie_garcia> This card has been ridiculous ğŸ˜‚ #UFCVegas42
1459641249711939589 2021-11-13 21:56:07 +0000 <Dildaddy92> Khaos Williams vs Kevin Lee. Battle for Michigan. #UFCVegas42
1459641248684249088 2021-11-13 21:56:07 +0000 <trapgoosegaming> Doing a fight companion during my 12 hour stream for #UFCVegas42 come stop by and chat with us. #twitch #gaming #ufc #SupportSmallStreamers #SupportSmallStreams  https://t.co/zO6SXgkXcG
1459641233706561538 2021-11-13 21:56:03 +0000 <RyanHobbsMMA> Khaos Williams is the man! I love that mean-looking beast.  That's actually a huge win. Caramel Thunder is no joke. #UFCVegas42
1459641231798120452 2021-11-13 21:56:03 +0000 <gunswordfist> Not y'all giving round 2 to Baeza just bc the commentators were screaming #UFCVegas42
1459641226139951110 2021-11-13 21:56:01 +0000 <walla2427> Khaos! ğŸ¤©   #UFCVegas42
1459641225682866183 2021-11-13 21:56:01 +0000 <BettingBiskit> 3-0 so far for #UFCVegas42   Alvarez +200 ğŸ’°ğŸ’° Yadong -140 ğŸ’°ğŸ’° Williams +130 ğŸ’°ğŸ’°  #GamblingTwitter #bettingtips #sports #MMAtwitter #UFC
1459641214966378502 2021-11-13 21:55:59 +0000 <ericmarcotte705> Khaos Williams def. Miguel Baeza by TKO at 1:02 of Round 3.   If you like knockouts, this has been the card for you. #UFCVegas42
1459641214097969152 2021-11-13 21:55:58 +0000 <CagedMindsMMA> Simply Results UFC Fight Night â€œHolloway vs. Rodriguezâ€  https://t.co/QRPp8aQzuS Khaos Williams (13-2) def. Miguel Baeza (10-2) by TKOÂ  punches) 1:02 R3 #UFCvegas42
1459641209899655169 2021-11-13 21:55:57 +0000 <WarJoker525> Great TKO by Khoas Williams. Thatâ€™s one way to shut down calf kicks. #UFCVegas42
1459641208465027075 2021-11-13 21:55:57 +0000 <aviiirome> Fight day babyyyyy #blessedera #UFCVegas42
1459641204279320580 2021-11-13 21:55:56 +0000 <HumpdayIzzy> Congrats to Khaos Williams that mf has power #UFCVegas42
1459641203272691722 2021-11-13 21:55:56 +0000 <dryared> Baeza had promise but poor awareness and fight IQ. If the low kicks were working why exchange in the pocket?? #ufcvegas42  https://t.co/Krzp5Fl8gU
1459641202039717888 2021-11-13 21:55:56 +0000 <tnoexpert> #sportsbetting #handicapping #sportsbettor #bettingpicks #GamblingTwitter #ufcbetting #MMA #ufc #MMATwitter #ufctwitter #ufcfightnight #UFC #UFCVegas42  Fight 8 Khaos Williams defeats Miguel Baeza by Rd3 KO  Picks: 3-5 Bets: 2-7 (-5.24U)  https://t.co/tF5lzzqh2j
1459641199967490055 2021-11-13 21:55:55 +0000 <ahmedaznag29> ÙŠØ®Ø±Ø¨ Ø¨ÙŠØªÙƒ ÙŠØ§ ÙˆÙŠÙ„ÙŠØ§Ù…Ø²ğŸ˜¬ğŸ˜¬ #UFCVegas42  https://t.co/lTeRCFU6gq
1459641187862814739 2021-11-13 21:55:52 +0000 <sherdogdotcom> #UFCVegas42 Highlight Video: Kalinn Williams Destroys Miguel Baeza With Punches  https://t.co/IxSWSmMW9x  https://t.co/ZnYmX1ts6L
1459641183748173845 2021-11-13 21:55:51 +0000 <benjammin941> The hottest fighters disappoint you the most #UFCVegas42
1459641182535966722 2021-11-13 21:55:51 +0000 <Mutt_Ent135> My muthafuckin MAN Khaos Williams ğŸ˜ğŸ˜   #UFCVegas42 #UFC #MMA #mmafighter #mixedmartialarts #mixedmartialartist #knockout #khaoswilliams #MMATwitter
1459641182162767881 2021-11-13 21:55:51 +0000 <octagon_odds> Looking good for @RossFBeaumont so far ğŸ‘€  The Yadong KO landed him +45 units, and opened his multiple. Heâ€™s +35 on the night so far. ğŸ‘  #UFCVegas42
1459641173593755653 2021-11-13 21:55:49 +0000 <kolegaodjebanka> Williams by mnie zajebaÅ‚ wzrokiem XD #UFCVegas42
1459641171366449152 2021-11-13 21:55:48 +0000 <ebay_FightPicks> This nigga not good man ğŸ˜‚ Baeza literally got caught ğŸ¤¦ğŸ¾â€â™‚ï¸ğŸ¤¦ğŸ¾â€â™‚ï¸ğŸ¤¦ğŸ¾â€â™‚ï¸ğŸ¤¦ğŸ¾â€â™‚ï¸ #UFCVegas42  https://t.co/7pKoE6g1XL
1459641162059288578 2021-11-13 21:55:46 +0000 <UFCNews> #UFCVegas42 Official Results: Khaos Williams (@khaosOXwilliams) defeats Miguel Baeza by TKO (strikes) at 1:02 of Round 3.  All Results, Interviews &amp; More â¤µï¸:
1459641158913638405 2021-11-13 21:55:45 +0000 <KevinTWho> Dude can be upset, but he went to sleep for a few seconds.  Good stoppage #UFCVegas42
1459641155642081285 2021-11-13 21:55:44 +0000 <AndyTheSavage24> I always feel bad for the fighters that spring up after getting koâ€™d because they just donâ€™t know they were koâ€™d.. #UFCVegas42
1459641155314806785 2021-11-13 21:55:44 +0000 <erikdiluz> Khaos Williams ğŸ˜¬ğŸ˜¬ğŸ˜¬#UFCVegas42
1459641147685437441 2021-11-13 21:55:43 +0000 <justbleedguy1> "You don't go in the ring without getting wet" - Michael Bisbing #UFCVegas42
1459641142451093513 2021-11-13 21:55:41 +0000 <Willllo> Great KO by khaos. Baezas coach told him not to do exactly what he went out n did lol cant trade punches like that #UFCVegas42
1459641138139353093 2021-11-13 21:55:40 +0000 <TheJivemaster> #UFCVegas42  https://t.co/wOEq7jyH4a
1459641129763233793 2021-11-13 21:55:38 +0000 <The_aladeayo> Take nothing away Baeza but power&gt;&gt;&gt;&gt;  #UFCVegas42
1459641129536733187 2021-11-13 21:55:38 +0000 <johnnyhassett_> this #ufcvegas42 main card is starting off hot!!
1459641129226280960 2021-11-13 21:55:38 +0000 <Dovus_Dunyasi> Khaos Williams, Miguel Baeza'yÄ± Ã¼Ã§Ã¼ncÃ¼ raundda nakavt etti.  #UFCVegas42  https://t.co/d6qRRoavzq
1459641128651825160 2021-11-13 21:55:38 +0000 <MMAFAN0306> WILLIAMS ESTÃ LOCO!! #UFCVegas42
1459641128588922888 2021-11-13 21:55:38 +0000 <Callum_JN> "When do you want to get back in here?"   "Soon. Not like next week or anything, but soon." #UFCVegas42  https://t.co/krwIdkgfJR
1459641122838364164 2021-11-13 21:55:37 +0000 <AntWalkerMMA> Khaos hasn't done something that violent since getting revenge for his cousin Harold #UFCVegas42  https://t.co/g8VO4biOjO
1459641122024833039 2021-11-13 21:55:36 +0000 <RWhite971> Williams, hit the kill switch!! #UFCVegas42
1459641122003685376 2021-11-13 21:55:36 +0000 <scoreboardUS> Just a monster right hook from Baeza he dropped his left and didn't bring it back to his chin after countering and paid for it hard.  Khaos Williams def. Miguel Baeza via #TKO (swangin' and bangin') at 1:02 of Round 3. #UFCVegas42 #MMA  ğŸ“¹:UFC     https://t.co/gIt8AiVMNP
1459641119516418049 2021-11-13 21:55:36 +0000 <MaskedFanatic> I thought that fight was going to a decision for a moment. ğŸ˜‚ #UFCVegas42
1459641117226328064 2021-11-13 21:55:35 +0000 <SteveT5G> Kaos got that POWER power, getting his leg kicked to shit chsnged nothing ğŸ˜±#UFCVegas42
1459641116077301760 2021-11-13 21:55:35 +0000 <TeamIridiumISA> ğŸš¨ #TeamIridium hammer @khaosOXwilliams lives up to his nickname &amp; earns his 4th @ufc victory at #UFCVegas42 ğŸ’£ #TheDarkside  https://t.co/x7EZZNtWuQ
1459641115569700869 2021-11-13 21:55:35 +0000 <MMAJesus316> Horrible Stoppage. Chris get a different job. #UFCVegas42
1459641114579898372 2021-11-13 21:55:35 +0000 <DubyaKay17> Khaos Williams looking directly into the camera at me like that after that is kind of intimidating. #UFCVegas42
1459641113904664583 2021-11-13 21:55:35 +0000 <ConnorMarcus2> CHAOSSSS #ufcvegas42 #mma  https://t.co/a4K4QnYSiK
1459641113854291969 2021-11-13 21:55:35 +0000 <Russellh519er> @khaosOXwilliams creates chaos in the octagon n gets another vicious ko ğŸ‘ğŸ‘ğŸ‘ğŸ™ #UFCVegas42
1459641110544982017 2021-11-13 21:55:34 +0000 <cuzmoney4> khaos #ufcvegas42 is a killer ğŸ”¥ğŸ”¥
1459641100319137793 2021-11-13 21:55:31 +0000 <jcdav_berserk> What a figth! ğŸ”¥ Beautiful KO of Williams. #UFCVegas42
1459641095655198724 2021-11-13 21:55:30 +0000 <VadimCryptoInv> omg ğŸ˜± #UFCVegas42
1459641093692157953 2021-11-13 21:55:30 +0000 <espnmma> WğŸ¤¯W  @khaosOXwilliams with an incredible TKO at #UFCVegas42  https://t.co/xbM39Uxvq2
